name,default_code,attribute_name,attribute_value,descrizione,note,supplier,condizioni_di_acquisto,codice_allegato,uom_id,uom_po_id,categ_id
PROMO:ARMADIO,AVERSA LC EXPO,Variante,"PROMO:ARMADIO 2A SCORR L276 H252 CON PRED.X TV 43"" TUTTO LACC. BIANCO OP.9016 / PARTE CENT.ANTA SPOTSOL+SP GRIGIO FUME' C/AMM",,,CECCHINI ITALIA SRL,Sconto 10%,CDATTCHM197,1,1,1
PROMO:ARMADIO,AVERSA AP,Variante,"PROMO:ARMADIO 2A SCORR L276 H252 CON PRED.X TV 43"" MELAMINICO / PARTE CENT.ANTA SPOTSOL+SP GRIGIO FUME' C/AMM",,,CECCHINI ITALIA SRL,Sconto 10%,CDATTCHM198,1,1,1
PROMO:,KIT CEC SCO,Variante,PROMO: KIT ACCESSORI ARMADIO SCORREVOLE (CASSETTIERA - ALVEARE - COPPIA LED) ,,,CECCHINI ITALIA SRL,Sconto 10%,CDATTCHM1905,1,1,1
PROMO:,LIPARI  NEW PROMO,Variante,PROMO: CAMERA CON ARMADIO 2A SCORR L276 H252 P67 AMMORT + COMO L130 +2CDM L52  + SPECCHIERA (LETTO ESCLUSO) TUTTA BIANCO FRASSINO E NOCE AMERICA,,,CECCHINI ITALIA SRL,Sconto 10%,CDATTCHM1900,1,1,1
PROMO,LIPARI NEW,Variante,PROMO ST: CAMERA CON ARMADIO 2A SCORR L276 H252 P67 AMMORT + COMO L130 +2CDM L52  + SPECCHIERA (LETTO ESCLUSO) TUTTA BIANCO FRASSINO E NOCE ANERICA ,,,CECCHINI ITALIA SRL,Sconto 10%,CDATTCHM1900,1,1,1
PROMO:,MADAGASCAR EXPO,Variante,PROMO: CAMERA MATRIMONIALE FORMATA DA:-ARMADIO MAXI  L 276 H 252 SOFT CLOSING TUTTO BIANCO NUVOLA TOP MAT CON  CON VETRO NUVOLA E PARTICOLARE CANNETTATO -GRUPPO COMO + 2 COMODINI TUTTO BIANCO NUVOLA TOP MAT CON 1 CAEETTO CANNETTATO - LETTO ESCLUSO ,,,CECCHINI ITALIA SRL,Sconto 10%,CDATTCHM7350,1,1,1
PROMO:,MAIORCA PROMO,Variante,PROMO: CAMERA MATRIMONIALE TUTTA BIANCO NUVOLA TOP MATT CON MANIGLIA ARMADIO VERTICALE E 1 CASSETTO GRUPPO CON EFFETTO CANNETTATO.  FORMATA DA:- ARMADIO BATT 6A CM 276 H252 CERNIERE SOFT CLOSING -GRUPPO COMO+ 2 COMODINI CON PIEDI H2 LACCATI NERI NB LETTO ESCLUSO ,,,CECCHINI ITALIA SRL,Sconto 10%,CDATTCHM8531,1,1,1
PROMO:,MYKONOS PROMO,Variante,"PROMO: CAMERA MATRIMONIALE  BIANCO NUVOLA TOP MAT / NOCE AMERICA / SPECCHIO RIFLETTENTE, FORMATA DA:- ARMADIO 6A BATT L276 H252 CHIUSURA SOFT CLOSING-GRUPPO COMO + 2 COMODINI LETO ESCLUSO",,,CECCHINI ITALIA SRL,Sconto 10%,CDATTCHM8535,1,1,1
CASSETTIERA,KIT CEC SCO E2,Variante,CASSETTIERA 3 CASSETTI + ALVEARE PER VANO DA CM 135 EFFETTO TESSUTO GOFFRATO ,,,CECCHINI ITALIA SRL,Sconto 10%,CDATTCHM26947,1,1,1
PROMO:,GELSO ARMADIO EXPO,Variante,PROMO: ARMADIO SCORREVOLE  L 276 H 252 SOFT CLOSING NUVOLA MAT.  SPECCHIO E NOCE AMERICA  C/MANIGLIONI RAL 9005 NERO OPACO,,,CECCHINI ITALIA SRL,Sconto 10%,CDATTCHM28997,1,1,1
PROMO:,GELSO GRUPPO AP,Variante,PROMO: GRUPPO COMO+2 COMODINI FIN. NUVOLA MAT. E NOCE AMERICA CON DISTANZIALI NERO OPACO,,,CECCHINI ITALIA SRL,Sconto 10%,CDATTCHM28998,1,1,1
PROMO:,GELSO GRUPPO EXPO,Variante,PROMO: GRUPPO COMO+2 COMODINI FIN. NUVOLA MAT. E NOCE AMERICA CON DISTANZIALI NERO OPACO CON KIT PIANE COMO' E COMODINI VETRO FUME' ,,,CECCHINI ITALIA SRL,Sconto 10%,CDATTCHM28998,1,1,1
TAVOLO,BISMAC 120 NERO,Variante,TAVOLO ROTONDO 120/ALL 160 PIEDE METALLO NERO PIANA M.NERO,,,CICIRIELLO SRL,Sconto 10%,CDATTCHM7026,1,1,1
TAVOLO,TOURN NERO,Variante,"TAVOLO CM 135X87 ALLUNGABILE, CON PIANO GIREVOLE CHE DIVENTA ROTONDTO DIAM.135 - PIANA EFFETTO MARMO  NERO, PIEDE METALLO VERINICIATO NERO",,,CICIRIELLO SRL,Sconto 10%,,1,1,1
SEDIA,SISTER NERO,Variante,SEDIA POLIPROPOLINE NERO,,,CICIRIELLO SRL,Sconto 10%,,1,1,1
MADIA,RONNY ANT/TEK,Variante,MADIA cm 180 IN ROVERE TEAK E BASAMENTO CON STRUTTURA ANTRACITE,,,CICIRIELLO SRL,Sconto 10%,,1,1,1
PROMO:SPECCHIERA,SPENORA03ARG,Variante,PROMO:SPECCHIERA 3 TRIANGOLO 60X91 ARGENTO,,,CICIRIELLO SRL,Sconto 10%,CDATTCHM427,1,1,1
TAVOLINO,RISCH 60 FU,Variante,TAVOLINO DIAM. 60 CM FIN. PIANA: NERO FUME' BASAMENTO: NERO,,,CICIRIELLO SRL,Sconto 10%,,1,1,1
TAVOLINO,RISCH 80 FU,Variante,TAVOLINO DIAM. 80 CM FIN. PIANA: NERO FUME' BASAMENTO: NERO,,,CICIRIELLO SRL,Sconto 10%,,1,1,1
TAVOLINO,MOLE 100 BR,Variante,TAVOLINO 100X65X38 VETRO MARTELLATO BRONZO TRASPARENTE,,,CICIRIELLO SRL,Sconto 10%,,1,1,1
SPECCHIO,UNNA 100 BR,Variante,SPECCHIO DIM 100X100 FINITURA: BRONZATO,,,CICIRIELLO SRL,Sconto 10%,,1,1,1
TAVOLINO,FUMO 45 BRSP/PB,Variante,TAVOLINO DIAM. 45CM PERLA BEIGE E SPECCHIO BRONZO,,,CICIRIELLO SRL,Sconto 10%,,1,1,1
TAVOLINO,FUMO 60 BRMR/PB,Variante,TAVOLINO DIAM. 60CM PERLA BEIGE E VETRO MARTELLATO BRONZO RETRO ARGENTATO,,,CICIRIELLO SRL,Sconto 10%,,1,1,1
TAVOLO,JEEP EASY 160 BIANCO,Variante,"TAVOLO  CM 160X 91 Aperto 240  /  PIANO PIETRA EFFETTO MARMO BIANCO OPACO, BASE METALLOVERNICIATO  BIANCO",,,CICIRIELLO SRL,Sconto 10%,CDATTCHM2498,1,1,1
SGABELLO,KIRA SGA GRIGIO CHIRO,Variante,SGABELLO GIREVOLE GAS  PIEDE METALLO NERO  SEDUTA IN TESSUTO GRIGIO CHIRO,,,CICIRIELLO SRL,Sconto 10%,CDATTCHM7032,1,1,1
TAVOLO,MARTA 120EXPO,Variante,TAVOLO DIAM120 PIEDE PERLA BEIGE PIANA VETRO MARTELLATO BRONZO RETROARGENTATO ,,,CICIRIELLO SRL,Sconto 10%,,1,1,1
TAVOLO,KLEDY 210EXPO,Variante,TAVOLO CM 210X110 FISSO BASE NERA PIANO CERAMICA EFFETTO MARMO SYMPHONIE ORO,,,CICIRIELLO SRL,Sconto 10%,CDATTCHM3984,1,1,1
PROMO:,RANGE BIANCO,Variante, PROMO: TAVOLO 140X90 ALL 210 PIEDI METALLO BIANCO PIANO PIETRA  MARMO BIANCO ,,,CICIRIELLO SRL,Sconto 10%,CDATTCHM7015,1,1,1
PROMO:,RANGE GRIGIO,Variante, PROMO: TAVOLO 140X90 ALL 210 PIEDI METALLO GRIGI PIANO PIETRA  MARMO GRIGIO,,,CICIRIELLO SRL,Sconto 10%,CDATTCHM7017,1,1,1
PROMO:,RANGE NERO,Variante, PROMO: TAVOLO 140X90 ALL 210 PIEDI METALLO NERI PIANO PIETRA  MARMO NERI,,,CICIRIELLO SRL,Sconto 10%,CDATTCHM7018,1,1,1
TAVOLO,ZENIT 180 FUME,Variante,TAVOLO CM 180 X 90 CON PIANO IN VETRO FUMÈ E  BASE NERA,,,CICIRIELLO SRL,Sconto 10%,CDATTCHM2496,1,1,1
TAVOLO,ZENIT 180 TRASPARENTE,Variante,TAVOLO CM 180 X 90 CON PIANO IN VETRO TRASPARENTE E  BASE NERA,,,CICIRIELLO SRL,Sconto 10%,,1,1,1
TAVOLO,TOURN PANDORA,Variante,"TAVOLO CM 135X87 ALLUNGABILE, CON PIANO GIREVOLE CHE DIVENTA ROTONDTO DIAM.135 - PIANA EFFETTO MARMO PANDORA , PIEDE METALLO VERINICIATO BIANCO",,,CICIRIELLO SRL,Sconto 10%,,1,1,1
TAVOLO,TOURN GRIGIO,Variante,"TAVOLO CM 135X87 ALLUNGABILE, CON PIANO GIREVOLE CHE DIVENTA ROTONDTO DIAM.135 - PIANA EFFETTO MARMO GRIGIO, PIEDE METALLO VERINICIATO ANTRACITE",,,CICIRIELLO SRL,Sconto 10%,,1,1,1
TAVOLO,JEEP EASY 160 PANDORA,Variante,"TAVOLO  CM 160X 91 Aperto 240  /  PIANO PIETRA EFFETTO MARMO PANDORA LUCIDO, BASE METALLOVERNICIATO  BIANCO",,,CICIRIELLO SRL,Sconto 10%,CDATTCHM2498,1,1,1
TAVOLO,JEEP EASY 160 GRIGIO,Variante,"TAVOLO  CM 160X 91 Aperto 240  /  PIANO PIETRA EFFETTO MARMO GRIGIO LUCIDO, BASE METALLOVERNICIATO ANTRACITE",,,CICIRIELLO SRL,Sconto 10%,CDATTCHM2498,1,1,1
TAVOLO,JEEP EASY 160 NERO,Variante,"TAVOLO  CM 160X 91 Aperto 240  /  PIANO PIETRA EFFETTO MARMO NERO OPACO, BASE METALLOVERNICIATO NERO",,,CICIRIELLO SRL,Sconto 10%,CDATTCHM2498,1,1,1
TAVOLO,ZENIT 160 FUME,Variante,TAVOLO CM 160 X 90 CON PIANO IN VETRO FUMÈ E  BASE NERA,,,CICIRIELLO SRL,Sconto 10%,CDATTCHM2497,1,1,1
TAVOLO,ZENIT 160 TRASPARENTE ,Variante,TAVOLO CM 160 X 90 CON PIANO IN VETRO TRASPARENTE E  BASE NERA,,,CICIRIELLO SRL,Sconto 10%,,1,1,1
PROMO:,RANGE PANDORA,Variante, PROMO: TAVOLO 140X90 ALL 210 PIEDI METALLO BIANCO PIANO PIETRA  MARMO PANDARA LUCIDO,,,CICIRIELLO SRL,Sconto 10%,CDATTCHM7016,1,1,1
TAVOLO,TOURN BIANCO,Variante,"TAVOLO CM 135X87 ALLUNGABILE, CON PIANO GIREVOLE CHE DIVENTA ROTONDTO DIAM.135 - PIANA EFFETTO MARMO BIANCO, PIEDE METALLO VERINICIATO BIANCO",,,CICIRIELLO SRL,Sconto 10%,,1,1,1
TAVOLO,BISMAC 120 TEAK,Variante,TAVOLO ROTONDO 120/ALL 160 PIEDE METALLO NERO PIANA TEAK ,,,CICIRIELLO SRL,Sconto 10%,CDATTCHM7027,1,1,1
TAVOLO,BISMAC 120 CEMENTO,Variante,TAVOLO ROTONDO 120/ALL 160 PIEDE METALLO NERO PIANA CEMENTO,,,CICIRIELLO SRL,Sconto 10%,CDATTCHM7025,1,1,1
PROMO:TAVOLO,OVEST BIANCO ,Variante,PROMO:TAVOLO 120X80 ALL 180 GEMBE METALLO BIANCHE PIANA PIETRA EFFETTO MARMO BIANCO ,,,CICIRIELLO SRL,Sconto 10%,,1,1,1
PROMO:TAVOLO,OVEST GRIGIO,Variante,PROMO:TAVOLO 120X80 ALL 180 GEMBE METALLO GRIGIE PIANA PIETRA EFFETTO MARMO GRIGIO,,,CICIRIELLO SRL,Sconto 10%,,1,1,1
PROMO:TAVOLO,OVEST NERO,Variante,PROMO:TAVOLO 120X80 ALL 180 GEMBE METALLO NERO PIANA PIETRA EFFETTO MARMO NERO,,,CICIRIELLO SRL,Sconto 10%,,1,1,1
PROMO:SEDIA,FRANCA BIANCA,Variante,PROMO:SEDIA POLIPROPILENE BIANCA ,,,CICIRIELLO SRL,Sconto 10%,CDATTCHM7041,1,1,1
PROMO:SEDIA,FRANCA OCRA,Variante,PROMO:SEDIA POLIPROPILENE OCRA,,,CICIRIELLO SRL,Sconto 10%,CDATTCHM7037,1,1,1
PROMO:SEDIA,FRANCA ROSSA,Variante,PROMO:SEDIA POLIPROPILENE ROSSA,,,CICIRIELLO SRL,Sconto 10%,CDATTCHM7038,1,1,1
PROMO:SEDIA,FRANCA TORTORA,Variante,PROMO:SEDIA POLIPROPILENE TORTORA,,,CICIRIELLO SRL,Sconto 10%,CDATTCHM7039,1,1,1
PROMO:SEDIA,FRANCA ANTRACITE,Variante,PROMO:SEDIA POLIPROPILENE ANTRACITE ,,,CICIRIELLO SRL,Sconto 10%,CDATTCHM7040,1,1,1
PROMO:SEDIA,FRANCA NERA,Variante,PROMO:SEDIA POLIPROPILENE NERA,,,CICIRIELLO SRL,Sconto 10%,CDATTCHM7042,1,1,1
PROMO:,AMARENA BLU,Variante,PROMO: SEDIA BASE NERA SEDUTA TESSUTO  BLU,,,CICIRIELLO SRL,Sconto 10%,CDATTCHM2226,1,1,1
PROMO:,AMARENA GIALLA,Variante,PROMO: SEDIA BASE NERA SEDUTA TESSUTO  GIALLA,,,CICIRIELLO SRL,Sconto 10%,CDATTCHM2225,1,1,1
PROMO:,AMARENA MARRONE,Variante,PROMO: SEDIA BASE NERA SEDUTA TESSUTO  MARRONE,,,CICIRIELLO SRL,Sconto 10%,CDATTCHM2227,1,1,1
PROMO:,AMARENA GRIGIO ,Variante,PROMO: SEDIA BASE NERA SEDUTA TESSUTO  GRIGIO,,,CICIRIELLO SRL,Sconto 10%,CDATTCHM2228,1,1,1
PROMO:SEDIA,MABEL GIALLA,Variante,PROMO:SEDIA STRUTTURA NERA E SEDUTA TESSUTO GIALLO,,,CICIRIELLO SRL,Sconto 10%,,1,1,1
PROMO:SEDIA,MABEL ANTRACITE,Variante,PROMO:SEDIA STRUTTURA NERA E SEDUTA TESSUTO ANTRACITE,,,CICIRIELLO SRL,Sconto 10%,,1,1,1
PROMO:SEDIA,MABEL MARRONE,Variante,PROMO:SEDIA STRUTTURA MARRONE E SEDUTA TESSUTO MARRONE ,,,CICIRIELLO SRL,Sconto 10%,,1,1,1
PROMO:SEDIA,MABEL BLU,Variante,PROMO:SEDIA STRUTTURA NERA E SEDUTA TESSUTO BLU,,,CICIRIELLO SRL,Sconto 10%,,1,1,1
PROMO:,KIRA BLU,Variante,PROMO: SEDIA BASE METALLO NERO E SEDUTA TESSUTO BLU,,,CICIRIELLO SRL,Sconto 10%,CDATTCHM7021,1,1,1
PROMO:,KIRA GRIGIO CHIARO,Variante,PROMO: SEDIA BASE METALLO NERO E SEDUTA TESSUTO GRIGIO CHIARO,,,CICIRIELLO SRL,Sconto 10%,CDATTCHM7023,1,1,1
PROMO:,KIRA GRIGIO SCURO,Variante,PROMO: SEDIA BASE METALLO NERO E SEDUTA TESSUTO GRIGIO SCURO,,,CICIRIELLO SRL,Sconto 10%,CDATTCHM7024,1,1,1
PROMO:,KIRA GIALLA,Variante,PROMO: SEDIA BASE METALLO NERO E SEDUTA TESSUTO GIALLO,,,CICIRIELLO SRL,Sconto 10%,CDATTCHM7022,1,1,1
PROMO:,KIRA MARRONE ,Variante,PROMO: SEDIA BASE METALLO MARRONE E SEDUTA TESSUTO MARRONE ,,,CICIRIELLO SRL,Sconto 10%,CDATTCHM7020,1,1,1
SEDIA,SISTER BIANCO ,Variante,SEDIA POLIPROPOLINE BIANCA ,,,CICIRIELLO SRL,Sconto 10%,,1,1,1
SEDIA,SISTER GIALLO,Variante,SEDIA POLIPROPOLINE GIALLO,,,CICIRIELLO SRL,Sconto 10%,,1,1,1
SEDIA,SISTER TORTORA,Variante,SEDIA POLIPROPOLINE TORTORA,,,CICIRIELLO SRL,Sconto 10%,,1,1,1
SEDIA,ELVIRA MARRONE ,Variante,SEDIA CON GAMBE RIVESTITE IN TESSUTO MARRONE ,,,CICIRIELLO SRL,Sconto 10%,CDATTCHM2509,1,1,1
SEDIA,DIANA MARRONE ,Variante,"SEDIA CON BRACCIOLI, PIEDI METALLO  MARRONE,  SEDUTA TESSUTO BOUCLÉ ÉCRU MARRONE",,,CICIRIELLO SRL,Sconto 10%,CDATTCHM2504,1,1,1
SEDIA,DIANA GRIGIA,Variante,"SEDIA CON BRACCIOLI, PIEDI METALLO  NERO,  SEDUTA TESSUTO BOUCLÉ  GRIGIO CHIARO",,,CICIRIELLO SRL,Sconto 10%,CDATTCHM2506,1,1,1
PROMO:,BRUNA ,Variante,PROMO: SEDIA / POLTRONCINA PIEDE METALLO SEDUTA TESSUTO ,,,CICIRIELLO SRL,Sconto 10%,CDATTCHM5565,1,1,1
SEDIA,DIANA ECRU,Variante,"SEDIA CON BRACCIOLI, PIEDI METALLO  NERO / SEDUTA TESSUTO BOUCLÉ ÉCRU",,,CICIRIELLO SRL,Sconto 10%,CDATTCHM2505,1,1,1
SEDIA,DIANA GIALLA,Variante,"SEDIA CON BRACCIOLI, PIEDI METALLO NERO  SEDUTA TESSUTO BOUCLÉ ÉCRU GIALLO",,,CICIRIELLO SRL,Sconto 10%,CDATTCHM2507,1,1,1
SEDIA,ELVIRA GIALLO,Variante,SEDIA CON GAMBE RIVESTITE IN TESSUTO GIALLO,,,CICIRIELLO SRL,Sconto 10%,CDATTCHM2509,1,1,1
SEDIA,ELVIRA VERDE,Variante,SEDIA CON GAMBE RIVESTITE IN TESSUTO VERDE,,,CICIRIELLO SRL,Sconto 10%,CDATTCHM2509,1,1,1
SEDIA,ELVIRA GR.CHIARO,Variante,SEDIA CON GAMBE RIVESTITE IN TESSUTO GR.CHIARO,,,CICIRIELLO SRL,Sconto 10%,CDATTCHM2509,1,1,1
SEDIA,ELVIRA FUMO,Variante,SEDIA CON GAMBE RIVESTITE IN TESSUTO FUMO,,,CICIRIELLO SRL,Sconto 10%,CDATTCHM2509,1,1,1
SEDIA,MELLIS  TORTORA,Variante,SEDIA PIEDE METALLO BIANCO SEDUTA TESSUTO TORTORA,,,CICIRIELLO SRL,Sconto 10%,CDATTCHM13642,1,1,1
SEDIA,MELLIS GIALLA,Variante,SEDIA PIEDE METALLO NERO SEDUTA TESSUTO GIALLO,,,CICIRIELLO SRL,Sconto 10%,CDATTCHM13642,1,1,1
SEDIA,MELLIS  GRIGIO SCURO,Variante,SEDIA PIEDE METALLO NERO SEDUTA TESSUTO GRIGIO SCURO,,,CICIRIELLO SRL,Sconto 10%,CDATTCHM13642,1,1,1
PROMO:,RIGA GIALLO,Variante,PROMO: SEDIA PIEDI METALLO NERO / SEDUTA TESSUTO GIALLO ,,,CICIRIELLO SRL,Sconto 10%,CDATTCHM19394,1,1,1
PROMO:,RIGA RUGGINE,Variante,PROMO: SEDIA PIEDI METALLO NERO / SEDUTA TESSUTO RUGGINE,,,CICIRIELLO SRL,Sconto 10%,CDATTCHM19398,1,1,1
PROMO:,RIGA VERDE,Variante,PROMO: SEDIA PIEDI METALLO NERO / SEDUTA TESSUTO VERDE,,,CICIRIELLO SRL,Sconto 10%,CDATTCHM19399,1,1,1
PROMO:,RIGA MARRONE,Variante,PROMO: SEDIA PIEDI METALLO MARRONE / SEDUTA TESSUTO MARRONE,,,CICIRIELLO SRL,Sconto 10%,CDATTCHM19396,1,1,1
PROMO:,RIGA BLU,Variante,PROMO: SEDIA PIEDI METALLO NERO / SEDUTA TESSUTO BLU,,,CICIRIELLO SRL,Sconto 10%,CDATTCHM19397,1,1,1
SGABELLO,KIRA SGA BLUE,Variante,SGABELLO GIREVOLE GAS  PIEDE METALLO NERO  SEDUTA IN TESSUTO BLUE,,,CICIRIELLO SRL,Sconto 10%,CDATTCHM7030,1,1,1
SGABELLO,KIRA SGA GIALLO ,Variante,SGABELLO GIREVOLE GAS  PIEDE METALLO NERO  SEDUTA IN TESSUTO GIALLO ,,,CICIRIELLO SRL,Sconto 10%,CDATTCHM7031,1,1,1
SGABELLO,KIRA SGA GRIGIO SCURO,Variante,SGABELLO GIREVOLE GAS  PIEDE METALLO NERO  SEDUTA IN TESSUTO GRIGIO SCURO,,,CICIRIELLO SRL,Sconto 10%,CDATTCHM7033,1,1,1
PROMO:,FIORELLA SGA VERDE,Variante,PROMO: SGABELLO METALLO NERO E SEDUTA TESSUTO VERDE ,,,CICIRIELLO SRL,Sconto 10%,CDATTCHM2229,1,1,1
PROMO:,FIORELLA SGA CC,Variante,PROMO: SGABELLO METALLO  E SEDUTA TESSUTO ,,,CICIRIELLO SRL,Sconto 10%,,1,1,1
SGABELLO,KIRA SGA MARRONE,Variante,SGABELLO GIREVOLE GAS  PIEDE METALLO MARRONE  SEDUTA IN TESSUTO MARRONE,,,CICIRIELLO SRL,Sconto 10%,CDATTCHM7034,1,1,1
PROMO:,FRECCIA SGA BLU,Variante,PROMO: SGABELLO  BASE METALLO SEDUTA IN TESSUTO BLUE,,,CICIRIELLO SRL,Sconto 10%,,1,1,1
PROMO:,FRECCIA SGA GIALLO,Variante,PROMO: SGABELLO  BASE METALLO SEDUTA IN TESSUTO GIALLO,,,CICIRIELLO SRL,Sconto 10%,,1,1,1
PROMO:,FRECCIA SGA MARRONE,Variante,PROMO: SGABELLO  BASE METALLO SEDUTA IN TESSUTO MARRONE,,,CICIRIELLO SRL,Sconto 10%,,1,1,1
PROMO:,FRECCIA SGA GRIGIO CHIARO,Variante,PROMO: SGABELLO  BASE METALLO SEDUTA IN TESSUTO GRIGIO CHIARO,,,CICIRIELLO SRL,Sconto 10%,,1,1,1
PROMO:,FRECCIA SGA GRIGIO SCURO,Variante,PROMO: SGABELLO  BASE METALLO SEDUTA IN TESSUTO GRIGIO SCURO,,,CICIRIELLO SRL,Sconto 10%,,1,1,1
TAVOLINO,JUNE 60 BRO,Variante,TAVOLINO TONDO DIAM. 60 CON PIANO IN VETRO FORGIATO BRONZO RETRO',,,CICIRIELLO SRL,Sconto 10%,,1,1,1
TAVOLINO,JUNE 45 BRO,Variante,TAVOLINO TONDO DIAM. 45 CON PIANO IN VETRO FORGIATO BRONZO RETRO',,,CICIRIELLO SRL,Sconto 10%,,1,1,1
TAVOLINO,RISCH 60 BR,Variante,TAVOLINO TONDO DIAM. 60 BASE IN METALLO CORTEN  PIANO IN VETRO,,,CICIRIELLO SRL,Sconto 10%,,1,1,1
PROMO:,TONI BIANCO,Variante,PROMO: TAVOLINO BASE BAINCO FRASSINO PIANA VETRO TRASPARENTE CM 100X59,,,CICIRIELLO SRL,Sconto 10%,CDATTCHM7043,1,1,1
PROMO:,TONI CEMENTO,Variante,PROMO: TAVOLINO BASE CEMENTO PIANA VETRO TRASPARENTE CM 100X59,,,CICIRIELLO SRL,Sconto 10%,CDATTCHM7044,1,1,1
PROMO:,TONI TEAK,Variante,PROMO: TAVOLINO BASE TEAK PIANA VETRO TRASPARENTE CM 100X59,,,CICIRIELLO SRL,Sconto 10%,,1,1,1
PROMO:,RICO BIANCO,Variante,PROMO: TAVOLINO 100X70 GAMBE METALLO BIANCO PIANA BIANCO FRASSINO ,,,CICIRIELLO SRL,Sconto 10%,,1,1,1
PROMO:,RICO CEMENTO,Variante,PROMO: TAVOLINO 100X70 GAMBE METALLO NERO PIANA CEMENTO,,,CICIRIELLO SRL,Sconto 10%,,1,1,1
PROMO:,RICO TEAK,Variante,PROMO: TAVOLINO 100X70 GAMBE METALLO NERO PIANA TEAK,,,CICIRIELLO SRL,Sconto 10%,,1,1,1
TAVOLINO,GIROTONDO GR RUGGINE ,Variante,TAVOLINO GRANDE  Ø 80 H 38  STR. METALLO E PIANO MDF TUTTO VERNICIATO RUGGINE ,,,CICIRIELLO SRL,Sconto 10%,CDATTCHM2484,1,1,1
TAVOLINO,GIROTONDO GR TORTORA ,Variante,TAVOLINO GRANDE  Ø 80 H 38  STR. METALLO E PIANO MDF TUTTO VERNICIATO TORTORA,,,CICIRIELLO SRL,Sconto 10%,CDATTCHM2484,1,1,1
TAVOLINO,GIROTONDO GR VERDE,Variante,TAVOLINO GRANDE  Ø 80 H 38  STR. METALLO E PIANO MDF TUTTO VERNICIATO VERDE,,,CICIRIELLO SRL,Sconto 10%,CDATTCHM2484,1,1,1
TAVOLINO,GIROTONDO MED RUGGINE ,Variante,TAVOLINO GRANDE Ø 60 H 40  STR. METALLO E PIANO MDF TUTTO VERNICIATO RUGGINE ,,,CICIRIELLO SRL,Sconto 10%,CDATTCHM2486,1,1,1
TAVOLINO,GIROTONDO MED TORTORA,Variante,TAVOLINO GRANDE Ø 60 H 40  STR. METALLO E PIANO MDF TUTTO VERNICIATO TORTORA,,,CICIRIELLO SRL,Sconto 10%,CDATTCHM2486,1,1,1
TAVOLINO,GIROTONDO MED VERDE,Variante,TAVOLINO GRANDE Ø 60 H 40  STR. METALLO E PIANO MDF TUTTO VERNICIATO VERDE,,,CICIRIELLO SRL,Sconto 10%,CDATTCHM2486,1,1,1
TAVOLINO,GIROTONDO PIC RUGGINE ,Variante,TAVOLINO GRANDE Ø 45 H 46 cm  STR. METALLO E PIANO MDF TUTTO VERNICIATO RUGGINE ,,,CICIRIELLO SRL,Sconto 10%,CDATTCHM2487,1,1,1
TAVOLINO,GIROTONDO PIC TORTORA,Variante,TAVOLINO GRANDE Ø 45 H 46 cm  STR. METALLO E PIANO MDF TUTTO VERNICIATO TORTORA,,,CICIRIELLO SRL,Sconto 10%,CDATTCHM2487,1,1,1
TAVOLINO,GIROTONDO PIC VERDE,Variante,TAVOLINO GRANDE Ø 45 H 46 cm  STR. METALLO E PIANO MDF TUTTO VERNICIATO VERDE,,,CICIRIELLO SRL,Sconto 10%,CDATTCHM2487,1,1,1
PROMO:,GOCCIA BIANCO,Variante,PROMO: TAVOLINO STR. METALLO BIANCO PIANO SAGOMATO BIANCO FRASSINATO L 97 P 77 H 35,,,CICIRIELLO SRL,Sconto 10%,CDATTCHM2488,1,1,1
PROMO:,GOCCIA CEMENTO,Variante,PROMO: TAVOLINO STR. METALLO NERO PIANO SAGOMATO CEMENTO L 97 P 77 H 35,,,CICIRIELLO SRL,Sconto 10%,CDATTCHM2488,1,1,1
PROMO:,GOCCIA NERO,Variante,PROMO: TAVOLINO STR. METALLO NERO PIANO SAGOMATO MARMO NERO L 97 P 77 H 35,,,CICIRIELLO SRL,Sconto 10%,CDATTCHM2488,1,1,1
PROMO:,GOCCIA TEAK,Variante,PROMO: TAVOLINO STR. METALLO NERO PIANO SAGOMATO TEAK L 97 P 77 H 35,,,CICIRIELLO SRL,Sconto 10%,CDATTCHM2488,1,1,1
TAVOLINO,CLEAR PIC CEMENTO,Variante,TAVOLINO GAMBE METALLO VERNICIATO NERO CON PIANO SAGOMATO CEMENTO  L 58 P 55 H 38,,,CICIRIELLO SRL,Sconto 10%,CDATTCHM2489,1,1,1
TAVOLINO,CLEAR PIC TEAK,Variante,TAVOLINO GAMBE METALLO VERNICIATO NERO CON PIANO SAGOMATO TEAK  L 58 P 55 H 38,,,CICIRIELLO SRL,Sconto 10%,CDATTCHM2490,1,1,1
TAVOLINO,CLEAR PIC RUGGINE,Variante,TAVOLINO GAMBE METALLO VERNICIATO RUGGINE CON PIANO SAGOMATO RUGGINE L 58 P 55 H 38,,,CICIRIELLO SRL,Sconto 10%,CDATTCHM2490,1,1,1
TAVOLINO,CLEAR PIC TORTORA,Variante,TAVOLINO GAMBE METALLO VERNICIATO TORTORA CON PIANO SAGOMATO TORTORA L 58 P 55 H 38,,,CICIRIELLO SRL,Sconto 10%,CDATTCHM2490,1,1,1
TAVOLINO,CLEAR PIC VERDE,Variante,TAVOLINO GAMBE METALLO VERNICIATO VERDE CON PIANO SAGOMATO VERDE L 58 P 55 H 38,,,CICIRIELLO SRL,Sconto 10%,CDATTCHM2490,1,1,1
TAVOLINO,CLEAR GR CEMENTO ,Variante,TAVOLINO GAMBE METALLO VERNICIATO NERO CON PIANO SAGOMATO CEMENTO  L 100 P 63 H 32,,,CICIRIELLO SRL,Sconto 10%,CDATTCHM2489,1,1,1
TAVOLINO,CLEAR GR TEAK,Variante,TAVOLINO GAMBE METALLO VERNICIATO NERO CON PIANO SAGOMATO TEAK  L 100 P 63 H 32,,,CICIRIELLO SRL,Sconto 10%,CDATTCHM2489,1,1,1
TAVOLINO,CLEAR GR RUGGINE,Variante,TAVOLINO GAMBE METALLO VERNICIATO RUGGINE CON PIANO SAGOMATO RUGGINE  L 100 P 63 H 32,,,CICIRIELLO SRL,Sconto 10%,CDATTCHM2489,1,1,1
TAVOLINO,CLEAR GR TORTORA,Variante,TAVOLINO GAMBE METALLO VERNICIATO TORTORA CON PIANO SAGOMATO TORTORA  L 100 P 63 H 32,,,CICIRIELLO SRL,Sconto 10%,CDATTCHM2489,1,1,1
TAVOLINO,CLEAR GR VERDE,Variante,TAVOLINO GAMBE METALLO VERNICIATO VERDE CON PIANO SAGOMATO VERDE  L 100 P 63 H 32,,,CICIRIELLO SRL,Sconto 10%,CDATTCHM2489,1,1,1
TAVOLINO,FUMO 45 VTM,Variante,"TAVOLINO STRUTTURA METALLO VERNICIATO NERO, PIANO VETRO MARTELLATO NERO DIAMETRO 45 H40",,,CICIRIELLO SRL,Sconto 10%,CDATTCHM2591,1,1,1
TAVOLINO,FUMO 60 VTM,Variante,"TAVOLINO STRUTTURA METALLO VERNICIATO NERO, PIANO VETRO MARTELLATO NERO DIAMETRO 60 H30",,,CICIRIELLO SRL,Sconto 10%,CDATTCHM2591,1,1,1
LIBRERIA,MELANY CURVA BRONZO,Variante,LIBRERIA VERTICALE  A MURO L 90 P 35 H 230/238 FIN. BRONZO  ,,,CICIRIELLO SRL,Sconto 10%,CDATTCHM29994,1,1,1
PROMO:SPECCHIERA,SPENORA03BRO,Variante,PROMO:SPECCHIERA 3 TRIANGOLO 60X91 BRONZO,,,CICIRIELLO SRL,Sconto 10%,CDATTCHM427,1,1,1
PROMO:SPECCHIERA,SPENORA01ARG,Variante,PROMO:SPECCHIERA OVALE ARGENTO CM 60X90,,,CICIRIELLO SRL,Sconto 10%,CDATTCHM428,1,1,1
PROMO:SPECCHIERA,SPENORA02ARG,Variante,PROMO:SPECCHIERA DIAM.60  ARGENTO ,,,CICIRIELLO SRL,Sconto 10%,CDATTCHM429,1,1,1
SPECCHIO,LIF 45BRO,Variante,SPECCHIO 45X46 BRONZO,,,CICIRIELLO SRL,Sconto 10%,,1,1,1
SPECCHIO,LIF 88BRO,Variante,SPECCHIO 88X90 BRONZO,,,CICIRIELLO SRL,Sconto 10%,,1,1,1
SPECCHIO,LIF 120BRO,Variante,SPECCHIO 120X123 BRONZO,,,CICIRIELLO SRL,Sconto 10%,,1,1,1
SPECCHIO,LODOS 170 BR,Variante,SPECCHIO RETTANGOLARE 170X68 BRONZO INS. VETRO FUSO,,,CICIRIELLO SRL,Sconto 10%,,1,1,1
SPECCHIO,SPELIF45FU_BR,Variante,SPECCHIO SAGOMATO 2 VETRI SOVRAPPOSTI CM 45X46 FUME'-BRONZO,,,CICIRIELLO SRL,Sconto 10%,,1,1,1
SPECCHIO,SPELIF120FU_BR,Variante,SPECCHIO SAGOMATO 2 VETRI SOVRAPPOSTI CM 120X123 FUME'-BRONZO,,,CICIRIELLO SRL,Sconto 10%,,1,1,1
SPECCHIO,SPEVEL90FUME,Variante,SPECCHIO TONDO CON DECORAZIONE SABBIATA CM90 FUME',,,CICIRIELLO SRL,Sconto 10%,,1,1,1
SPECCHIO,SPEVEL90BRONZO,Variante,SPECCHIO TONDO CON DECORAZIONE SABBIATA CM90 BRONZO,,,CICIRIELLO SRL,Sconto 10%,,1,1,1
SPECCHIO,SPEOGE160X70FUME,Variante,SPECCHIO RETTANGOLARE CM 160X70 FUME',,,CICIRIELLO SRL,Sconto 10%,,1,1,1
SPECCHIO,SPECAF60X134FU,Variante,SPECCHIO SAGOMATO CM 60X134 FUME',,,CICIRIELLO SRL,Sconto 10%,,1,1,1
SPECCHIO,SPECAF70X180BR,Variante,SPECCHIO SAGOMATO CM 70X180 BRONZO,,,CICIRIELLO SRL,Sconto 10%,,1,1,1
SPECCHIO,SPERA90FUME,Variante,SPECCHIO TONDO CON MOLATURA LATERALE CM90 FUME',,,CICIRIELLO SRL,Sconto 10%,,1,1,1
SPECCHIO,SPELIFDM88NERO,Variante,SPECCHIO SAGOMATO 2 VETRI SOVRAPPOSTI CM 88X90 NERO,,,CICIRIELLO SRL,Sconto 10%,,1,1,1
SPECCHIO,NIPPON 120 BR,Variante,SPECCHIO DIM. 120CM,,,CICIRIELLO SRL,Sconto 10%,,1,1,1
LIBRERIA,MELANY NERA,Variante,LIBRERIA VERTICALE IN METAALO VERNICIATO NERO CON PIEDE REGOLABILE AGGANCIO A SOFFITTO L 75 P 22 H 265/271 cm,,,CICIRIELLO SRL,Sconto 10%,CDATTCHM2482,1,1,1
MADIA,GILDA TORTORA ,Variante,MADIA  CM160 TORTORA /SPECCHIO BRONZO PIEDE SG METALLO,,,CICIRIELLO SRL,Sconto 10%,CDATTCHM2501,1,1,1
CAMERA,PRINCE CAMERA ORO,Variante,"CAMERA COMPLETA NECE BIANCO CON PARTICOLARI ORO , FORMATA DA:-ARMADIO 2A SCORREVOLI (ACCESSORI ESCLUSI)-LETTO MATRIMONIALE FISSO (RETE ESCLUSA)-GRUPPO COMO + 2 COMODINI-SPECCHIERA",,,GIERRE MOBILI SRL,Sconto 10%,CDATTCHM2452,1,1,1
COMODINO,ALASKA CDM 55 CC,Variante,COMODINO L55 x P52 x H46 ,,,GIERRE MOBILI SRL,Sconto 10%,CDATTCHM2460,1,1,1
COMODINO,ALASKA CDM 90 CC,Variante,COMODINO SFALSATO L90 x P52 x H46 CON CASSETTO DA 90 + CASSETTO DA 55,,,GIERRE MOBILI SRL,Sconto 10%,CDATTCHM2461,1,1,1
COMO,ALASKA COMO CC,Variante,"COMO SFALSATO L145 x P52 x H82,5 ",,,GIERRE MOBILI SRL,Sconto 10%,CDATTCHM2462,1,1,1
KITI,KITERGARMSC,Variante,"KITI COMPLETO X ARMADIO SCORREVOLE MODULO DA CM 135 FORMATO DA: CASSETTIERA 3 CASS L87,4 H 48,2 CON DIVISORIO CM 42,9 H115 ",,,GIERRE MOBILI SRL,Sconto 10%,,1,1,1
CASSETTIERA,CASERG2CAS,Variante,"CASSETTIERA X ARMADIO 2CASSETTI L87,4 ",,,GIERRE MOBILI SRL,Sconto 10%,,1,1,1
CASSETTIERA,CASERG3CAS,Variante,"CASSETTIERA X ARMADIO 3 CASSETTI L87,4 ",,,GIERRE MOBILI SRL,Sconto 10%,,1,1,1
RIPIANO,RIPERG90,Variante,RIPIANO INTERNO PER MODULO CM90 ,,,GIERRE MOBILI SRL,Sconto 10%,,1,1,1
RIPIANO,RIPERG135,Variante,RIPIANO INTERNO PER MODULO CM 135,,,GIERRE MOBILI SRL,Sconto 10%,,1,1,1
SPECCHIERA,ALASKA SPECCHIO ,Variante,SPECCHIERA RETTANGOLARE ANGOLI SMUSSATI CM 110X70,,,GIERRE MOBILI SRL,Sconto 10%,,1,1,1
ARMADIO,JOANNA ARMADIO 6A EXPO AP,Variante,ARMADIO 6A BATTENTI L270 H256 P60 TUTTO GRIGIO LONDRA CON 2 ANTE VETRO   ,,,GIERRE MOBILI SRL,Sconto 10%,CDATTCHM2459,1,1,1
ARMADIO,JOANNA ARMADIO 6A EXPO,Variante,"ARMADIO 6A BATTENTI C/LIBRERRIA LATERALE CON SPECCHIO/LED E CASSETTO  L305 P60 H256,ARMADIO + LEBRRIA TUTTO GRIGIO LONDRA CON 2 ANTE VETRO  NB SOLO SCHENA LIBRERIA E CASSETTO NOCE NATURALE ",,,GIERRE MOBILI SRL,Sconto 10%,CDATTCHM2463,1,1,1
COMO,ALASKA COMO EXPO,Variante,"COMO SFALSATO L145 x P52 x H82,5 TUTTO GRIGIO LONDRA, SOLO TOP NOCE NATURALE ",,,GIERRE MOBILI SRL,Sconto 10%,CDATTCHM2462,1,1,1
COMODINO,ALASKA CDM 90 EXPO ,Variante,"COMODINO SFALSATO L90 x P52 x H46 CON CASSETTO DA 90 TUTTO GRIGIO LONDRA, SOLO TOP NOCE NATURALE + CASSETTO DA 55TUTTO GRIGIO LONDRA, SOLO TOP NOCE NATURALE ",,,GIERRE MOBILI SRL,Sconto 10%,CDATTCHM2461,1,1,1
COMODINO,ALASKA CDM 55 EXPO ,Variante,"COMODINO L55 x P52 x H46 TUTTO GRIGIO LONDRA, SOLO TOP NOCE NATURALE ",,,GIERRE MOBILI SRL,Sconto 10%,CDATTCHM2460,1,1,1
COMO,PRINCE GRUPPO ORO,Variante,"COMO + 2 COMODINO TUTTI NOCE BINACO CON MANIGLIE E PIEDI H11 COLORE ORO ( COMO L 130 x P51,5 x H80,2 / COMODINO L 58,1 x P 41,1 x H40 )",,,GIERRE MOBILI SRL,Sconto 10%,CDATTCHM2455,1,1,1
GRUPPO,VULCANO GRUPPO EXPO,Variante,"GRUPPO COMO L130 x P52,5 x H88 + 2 COMODINI L58,5 x P42 x H47.5 CON PIEDE H14 IN TINTA CASSA TUTTTO CACHEMIRE CON GOLA NOCE NATURALE ",,,GIERRE MOBILI SRL,Sconto 10%,CDATTCHM2464,1,1,1
GRUPPO,VULCANO GRUPPO CC,Variante,"GRUPPO COMO L130 x P52,5 x H88 + 2 COMODINI L58,5 x P42 x H47.5 CON PIEDE H14 IN TINTA CASSA  ",,,GIERRE MOBILI SRL,Sconto 10%,CDATTCHM2464,1,1,1
LETTO,DROP LETTO EXPO,Variante,LETTO MATRIMONIALE FISSO (RETE ESCLUSA) TUTTO NOCE NATURALE CON INSERTO CACHEMIR ( MISURE ESTERNE L171xP214xH100),,,GIERRE MOBILI SRL,Sconto 10%,CDATTCHM2465,1,1,1
LETTO,PRINCE LETTO ORO,Variante,LETTO MATRIMONIALE FISSO (RETE ESCLUSA ) TUTTO NOCE BIANCO CON INSERTO ORO ,,,GIERRE MOBILI SRL,Sconto 10%,CDATTCHM2456,1,1,1
ARMADIO,PRINCE ARMADIO EXPO ORO,Variante,"ARMADIO 2A SCORREVOLI L 271,1 x P 65,2 x H 256 TUTTO NOCE BIANCO  CON SPECCHIO BRONZO E MONTANTI LATERALI FINITURA ORO  ( CASSETTIERA E ACC ESCLUSI) ",,,GIERRE MOBILI SRL,Sconto 10%,CDATTCHM2454,1,1,1
ARMADIO,DOROTY EXPO,Variante,"ARMADIO 2A SCORREVOLI L 271,1 x P 65,2 x H 256 TUTTO FINITURA CACHEMIR CON PSECCI BRONZO E MANIGLIE LATERALI NOCE NATURALE ",,,GIERRE MOBILI SRL,Sconto 10%,CDATTCHM2466,1,1,1
LIBRERIA,LIFE LIB EXPO,Variante,"LIBRERIA VERTICALE 4RIP L20 H120 P31,6 METALLO RAME CON MENSOLE E SCHIENALE RAME PERLATO",,,GIESSEGI GIORNO,Sconto 10%,CDATTCHM2479,1,1,1
PANNELLO,LIFE PANNELLO EXPO,Variante,"PANNELLO X AGGANGIO TV CON LED L 147,2 H96 SP.10",,,GIESSEGI GIORNO,Sconto 10%,CDATTCHM2480,1,1,1
PANNELLO,AMETISTA PANNELLO TV EXPO,Variante,"PANNELLO A MURO COL OPERA NOB CM 130 X 96 + PANNELLO CM 37,5 X 25H",,,GIESSEGI GIORNO,Sconto 10%,CDATTCHM2108,1,1,1
PARETE,AMETISTA EXPO2,Variante,PARETE CM 328 SOSPESA STRUTTURA ROVERE NODATO NOB CON FRONTALI:  STONE GREY + OPERA NOB. E CASSE IN TINTA ( NB ESCLUSO PANNELLO A MURO IN FIN.OPERA),,,GIESSEGI GIORNO,Sconto 10%,CDATTCHM2328,1,1,1
PARETE,AMETISTA CC,Variante,PARETE CM 328 SOSPESA FIN.NOB  ( NB ESCLUSO PANNELLO A MURO),,,GIESSEGI GIORNO,Sconto 10%,CDATTCHM2107,1,1,1
PORTA,LIFE PTV EXPO,Variante,"PORTA TV SOSPESO L240 H32 P40 STRUTTURA NOBIL.BIANCO  + FRONTALI NOB. MICHELANGELO FORMATA DA:-02 CESTONI APPESI CM 32X120X42 CADAUNO-01 TOP CM 240X42,3X1,2",,,GIESSEGI GIORNO,Sconto 10%,CDATTCHM2481,1,1,1
PROMO:,SILENE CC,Variante,"PROMO: PARETE L350 H195 P60 STREUTTURA, TOP.E FROTNALE BASE : NOBILITATO / TOTEM E FRONT.PENSILI LACC.OPACO ",,,GIESSEGI GIORNO,Sconto 10%,CDATTCHM299,1,1,1
PROMO:PARETE,SILENE EXPO 3,Variante,"PROMO:PARETE L350 H195 P60 STRUTTURA + TOP NUVOLA FS , FRONTALI PEN FANGO OP LISCIO + FRONTALI BASE CALCE NOB",,,GIESSEGI GIORNO,Sconto 10%,CDATTCHM300,1,1,1
PROMO:,FRIDA CC,Variante,"PROMO: PARETE L353 H227,2 P42/33,9",,,GIESSEGI GIORNO,Sconto 10%,CDATTCHM294,1,1,1
PROMO:PARETE,PATTY EXPO,Variante,PROMO:PARETE CM 300 STR. NUVOLA  ELEM.GIORNO STON - BASI E PENSILI SUP. FRONTALI LACC  BRISTOL -    2 PENSILI CENTRALI FRONTALI STON,,,GIESSEGI GIORNO,Sconto 10%,CDATTCHM1269,1,1,1
PROMO:PARETE,PATTY CC,Variante,PROMO:PARETE CM 300 TUTTO NOB - SOLO  FRONTALI DI BASI E PENSILI SUP.   LACC.OP ,,,GIESSEGI GIORNO,Sconto 10%,CDATTCHM1269,1,1,1
PROMO:,FRIDA EXPO3,Variante,"PROMO: PARETE L353 H227,2 P42/33,9 STRUTTURA ROVERE NODAT / FONTALI LACC.OPACO ROCCIA / SCHIENE MARMO NERO /TERLAIO ALLUMINIO RAME E VETRO BRONZO /RIPIANI VETRO (KIT LED RIPIANI  ESCLUSI)",,,GIESSEGI GIORNO,Sconto 10%,CDATTCHM2924,1,1,1
PARETE,WALL EXPO,Variante,"PARETE CM 330 H170, FORMATA DA:- 2 BASI A TERRA CM 100 H16 P40 TAGLIO 45 TOP.DA 1,9 / TUTTE LACCATO OPACO CRETA LISCIO - 1 ELEM RIBALTA APPESO CM 177 H32 P40 TUTTO LAC.OP RAME CON FRONTALI CANNETTATI -2 ELEM APPESI CM 60 H64 P31,6 TUTTO LAC.OP RAME CON FRONTALI CANNETTATI -1 LIBRERIA ORIZZONTALE CM 120 H 20 P31,6 TUTTA NOB.MARQUINIA CON STRUTTURA METALLO RAME (NB PANNELLO TV ESCLUSO)",,,GIESSEGI GIORNO,Sconto 10%,CDATTCHM4239,1,1,1
PARETE,WALL CC,Variante,"PARETE CM 330 H170 TUTTA LACCATA OPACO CON SOLO LIBR. NOB - 2 BASI A TERRA CM 100 H16 P40 TAGLIO 45 TOP.DA 1,9 / TUTTE LACCATO OPACO - 1 ELEM RIBALTA APPESO CM 177 H32 P40 TUTTO LAC.OP -2 ELEM APPESI CM 60 H64 P31,6 TUTTO LAC.OP  -1 LIBRERIA ORIZZONTALE CM 120 H 20 P31,6 TUTTA NOB. CON STRUTTURA METALLO (NB PANNELLO TV ESCLUSO)",,,GIESSEGI GIORNO,Sconto 10%,CDATTCHM4239,1,1,1
PROMO:,FRIDA EXPO4,Variante,"PROMO: PARETE L353 H227,2 P42/33,9 STRUTTURA ROVERE NODATO FRONTALI LACC.OP BROWN / SCHIENEALE NOB.MARQUINIA/ ANTE VETRO C/TELAIO BROWN  E VETRO REFLEX  / PANCA LACC.OP BROWN (NB KIT LED RIPIANI ESCLUSI)",,,GIESSEGI GIORNO,Sconto 10%,CDATTCHM5815,1,1,1
MAGGIORAZIONE,FRIDA KIT LED RIPIANI,Variante,MAGGIORAZIONE PER INSERIMENTO SU PARETE FRIDA DI KIT 6 RIPAINI VETRO CON LED ,,,GIESSEGI GIORNO,Sconto 10%,CDATTCHM5818,1,1,1
PANNELLO,WALL PANNELLO TV LED EXPO,Variante,PANNELLO TV CM 1472X960X100 CON LUCI LED TUTTO NOB.MARQUINIA ,,,GIESSEGI GIORNO,Sconto 10%,CDATTCHM4240,1,1,1
PANNELLO,WALL PANNELLO TV LED CC,Variante,PANNELLO TV CM 1472X960X100 CON LUCI LED TUTTO NOB,,,GIESSEGI GIORNO,Sconto 10%,CDATTCHM4240,1,1,1
MADIA,WALL MADIA EXPO,Variante,"MADIA CM 180 H75.2 P42 TUTTA LACCATA OP CRETA CON FRONTALI CANNETTATI - TOP NOB. CORTEN SP.1,2  - PIEDE S H10 RAME ",,,GIESSEGI GIORNO,Sconto 10%,CDATTCHM4241,1,1,1
MADIA,WALL MADIA CC,Variante,MADIA CM 180 H75.2 P42 TUTTA LACCATA OP - TOP NOBILITATO - PIEDE S H10 ,,,GIESSEGI GIORNO,Sconto 10%,CDATTCHM4241,1,1,1
PROMO:,FIAMMA CC,Variante,"PROMO: CREDENZA CM 180 P42.3 H75.2 CON PIEDI ""S""  METALLO BROWN.  ",,,GIESSEGI GIORNO,Sconto 10%,CDATTCHM1573,1,1,1
MADIA,FRESIA CC,Variante,"MADIA SOPSESA CM 220 P33.6 - STRUTTURA NOB. / FRONTALI LACC.OP FORMATA DA:-01 PENSILE APPESO L40 H60*-01 PENSILE APPESO L60 H64-02 PENSILE APPESO L60 H40-01 TOP L180 SP.1,2-01 TOP L40 SP.1,2-01 PANNELLO MURO L180 H20",,,GIESSEGI GIORNO,Sconto 10%,CDATTCHM396,1,1,1
PROMO:,ARCA 13 CC,Variante,"PROMO: MADIA 4A L221,2 H77,6 P46 NOB",,,GIESSEGI GIORNO,Sconto 10%,CDATTCHM296,1,1,1
PORTA,ARCA 14 CC,Variante,"PORTA TV CM166,2 P46 H45,6  NOB",,,GIESSEGI GIORNO,Sconto 10%,CDATTCHM304,1,1,1
MOBILE,ARCA 15 CC,Variante,"MOBILE CONTENITORE CM 121,6 H141,6 P46 NOB.",,,GIESSEGI GIORNO,Sconto 10%,CDATTCHM305,1,1,1
MADIA,COLORS EXPO,Variante,"MADIA CM 300 H72.5 P42 STRUTTURA E TOP : NOB.ROVERE NODATO, FRONTALI LACC OP.LISCIO , FORMATO DA:- 1 ELM.2CESTONI FRONTALI: 1 PINO E 1 PORPORA - 1 ELM.2CESTONI FRONTALI: 1 MIELE E 1 GARDA- 1 ELM.2CESTONI FRONTALI: 1 BRICK E 1 NAVY -1 TOP CM 300 ROV.NODATO ",,,GIESSEGI GIORNO,Sconto 10%,,1,1,1
MOBILE,ARCA 15 EXPO2,Variante,"MOBILE CONTENITORE CM 121,6 H141,6 P46 STRUTTURA ROVERE NODATE FRONTALI OPERA ",,,GIESSEGI GIORNO,Sconto 10%,CDATTCHM650,1,1,1
PORTA,ARCA 14 EXPO2,Variante,"PORTA TV CM166,2 P46 H45,6 STRUTTURA ROVERE NODATE FRONTALI OPERA ",,,GIESSEGI GIORNO,Sconto 10%,CDATTCHM651,1,1,1
PROMO:,ARCA 13 EXPO3,Variante,"PROMO: MADIA 4A L221,2 H77,6 P46 STRUTTURA ROVERE NODATE FRONTALI OPERA ",,,GIESSEGI GIORNO,Sconto 10%,CDATTCHM649,1,1,1
MADIA,FRESIA EXPO3,Variante,"MADIA SOPSESA CM 220 P33.6 - STRUTTURA NOB ROVERE NODATO - FRONTALI LACC.OP BIANCO PURO LISCIO E LACC.OP CANNETTATO PIOMBOFORMATA DA:-01 PENSILE APPESO L40 H60*-01 PENSILE APPESO L60 H64-02 PENSILE APPESO L60 H40-01 TOP L180 SP.1,2-01 TOP L40 SP.1,2-01 PANNELLO MURO L180 H20",,,GIESSEGI GIORNO,Sconto 10%,CDATTCHM2478,1,1,1
LETTO,EDERA EXPO CC,Variante,LETTO MATRIMONIALE FISSO CON COMODINI INCORPORATI ALLA TESTATA - CM 280 P238 H92 - PER RETE 160X190 ( RETE ESCLUSA) TUTTO NOB. CON PANNELLI SCORREVOLI IN TESSUTO VINTAGE / DOPPIA PRESA USB DX E SX / LUCI LED SU RIPIANI VETRO / PIEDI PLEXIGLASS TRASPARENTI,,,GIESSEGI 1MOBILCLASS,Sconto 10%,CDATTCHM1484,1,1,1
PROMO:,PAPIRO EXPO CC,Variante,PROMO: GRUPPO STRUTTURA NOB.  E FRONTALI LACC OP.ACO FORMATO DA:N°01 COMO CM 139 P54N° 02 COMODINI CM 61.8 P45,,,GIESSEGI 1MOBILCLASS,Sconto 10%,CDATTCHM653,1,1,1
PENISOLA,PEN COMO NOB,Variante,PENISOLA CM 110 P50 H78 SP.4 DA SOVRAPPORRE A COMO,,,GIESSEGI 1MOBILCLASS,Sconto 10%,CDATTCHM1289,1,1,1
PENISOLA,PEN COMO LO,Variante,PENISOLA CM 110 P50 H78 SP.4 DA SOVRAPPORRE A COMO,,,GIESSEGI 1MOBILCLASS,Sconto 10%,CDATTCHM1289,1,1,1
PENISOLA,PEN CDM LO,Variante,PENISOLA CM 60 P40 H50 SP.4 DA SOVRAPPORRE A COMODINO,,,GIESSEGI 1MOBILCLASS,Sconto 10%,CDATTCHM1288,1,1,1
GRUPPO,JASON  CC LACCATO,Variante,GRUPPO TUTTO LACC.OP  PARTICOLRE CASSETTO LACC.OP ,,,GIESSEGI 1MOBILCLASS,Sconto 10%,,1,1,1
COMODINO,BALDO CDM CC,Variante,COMODINO 2CASS+ZOCC CM 85 P51.4 H48.4 LA.OPACO ,,,GIESSEGI 1MOBILCLASS,Sconto 10%,,1,1,1
GRUPPO,BALDO AP,Variante,"GRUPPO NOBILITATO FORMATO DA UN COMO SFALSATO CM 130 P51 H70 E 2 COMODINI SFALSATI L75 P51,4 H48,4",,,GIESSEGI 1MOBILCLASS,Sconto 10%,CDATTCHM1889,1,1,1
GRUPPO,JASON EXPO4,Variante,GRUPPO COMO + 2 COMODINI  TUTTO NUVOLA FRASSINATO CON PARTICOLARE  LAC.OPACO PIOMBO CASSETTI ESTRAZIONE TOTALE ,,,GIESSEGI 1MOBILCLASS,Sconto 10%,CDATTCHM1740,1,1,1
GRUPPO,MURA AP,Variante,GRUPPO STR. NOBILITATO OCN FRONTALI E TOP VETRO / PIEDE STANDARD ,,,GIESSEGI 1MOBILCLASS,Sconto 10%,CDATTCHM2035,1,1,1
GRUPPO,MURA EXPO CC,Variante,"GRUPPO LACC.  CON FRONTALI E TOP VETRO E CON PIEDI METALLO ""F"" H 12 GRAFITE",,,GIESSEGI 1MOBILCLASS,Sconto 10%,CDATTCHM2034,1,1,1
GRUPPO,MURA EXPO AP CC,Variante,GRUPPO LACC.  CON FRONTALI E TOP VETRO 1E  PIEDE STANDARD ,,,GIESSEGI 1MOBILCLASS,Sconto 10%,CDATTCHM2035,1,1,1
GRUPPO,JASON EXPO3,Variante,GRUPPO TUTTO LACC.OP BIANCO E PARTICOLRE CASSETTO LACC.OP BRISTOL,,,GIESSEGI 1MOBILCLASS,Sconto 10%,,1,1,1
PROMO:,PAPIRO NOB,Variante,PROMO: GRUPPO STRUTTURA E FRONTALI COL.NOBILITATOFORMATO DA:N°01 COMO CM 139 P54N° 02 COMODINI CM 61.8 P45,,,GIESSEGI 1MOBILCLASS,Sconto 10%,CDATTCHM308,1,1,1
GRUPPO,LAGO EXPO,Variante,"GRUPPO COMO' L 128,7 H74,3 + 2 COMODINO L 55.2 H44.5 TUTTO IN NUVOLA FRASSINATO CON INSERTO LACC PIOMBO OPACO ",,,GIESSEGI 1MOBILCLASS,Sconto 10%,CDATTCHM1929,1,1,1
GRUPPO,LAGO EXPO CC,Variante,"GRUPPO COMO' L 128,7 H74,3 + 2 COMODINO L 55.2 H44.5 TUTTI NOB. CON NSERTO CASSETTI LACC.OPACO",,,GIESSEGI 1MOBILCLASS,Sconto 10%,CDATTCHM1929,1,1,1
GRUPPO,JASON EXPO5,Variante,GRUPPO COMO+2 COMODINI TUTTO LACCATO PIOMBO OPACO  CON PARTICOLARE LACC. NERO LUCIDO,,,GIESSEGI 1MOBILCLASS,Sconto 10%,CDATTCHM2027,1,1,1
GRUPPO,MURA EXPO,Variante,"GRUPPO LACC. BIANCO OPACO CON FRONTALI E TOP VETRO 16 BIANCO CRISTALLINO CON PIEDI METALLO ""F"" H 12 GRAFITE",,,GIESSEGI 1MOBILCLASS,Sconto 10%,CDATTCHM2034,1,1,1
ARMADIO,CAMILLA ANG EXPO,Variante,ARMADIO ANGOLARE CM 216 X 322 H262 STR.FS.NUVOLATO CON ANTE ALTERNATE FS.NUVOLATO E ALLUMIONIO OP - MAN K2 PIOMO OP FORMATO DA:-3 ELEM. L103 P60 -1 ELEM ANGOLO 108X108-2 SPELLE DIV INT-4 SPALLE TERM -2 SERVETTI ESTRAIBILI-1 CASSETTIERA 3C L103-1 RIP SOPR.CASS L103,,,GIESSEGI 1MOBILCLASS,Sconto 10%,CDATTCHM1035,1,1,1
ARMADIO,TRALICE AP,Variante,ARMADIO 3A SCORR L277 H262 P62/66 CON ANTA CENTRAL EPORTA TV - TUTTO NOB,,,GIESSEGI 1MOBILCLASS,Sconto 10%,CDATTCHM1672,1,1,1
ARMADIO,SALIX EXPO3,Variante,ARMADIO 2A SCORR L277 H246 FIANCHI LACC.OP PIOMBO /TELAIO ARDESIA/ SPECCHIO FUME ,,,GIESSEGI 1MOBILCLASS,Sconto 10%,CDATTCHM655,1,1,1
ARMADIO,TORONTO AP,Variante,"ARMADIO 6A BATTENTI CON GOLA L 276,6 H262 P61 FIN.NOB",,,GIESSEGI 1MOBILCLASS,Sconto 10%,CDATTCHM1810,1,1,1
PROMO:,SALIX EXPO2,Variante,"PROMO: ARMADIO 2A SCORR L277 H246 FIANCHI BIA LUCIDO TELAIO ARDESIA,  SPECCHIO FUME'",,,GIESSEGI 1MOBILCLASS,Sconto 10%,,1,1,1
PROMO:,SALIX CC,Variante,PROMO: ARMADIO 2A SCORR L277 H246 SPECCHIO FUME CON FIANCHI NOBILITATO,,,GIESSEGI 1MOBILCLASS,Sconto 10%,CDATTCHM1215,1,1,1
ELEMENTO,CALIPSO STANDARD ,Variante,"ELEMENTO CABINA MONTANTI  A PARETE CM 92 H262 FORMATO DA:- N° 2 MONTANTI A PARETE H262- N° 2 RIPIANI L 91,4- N° 2 TUBI APPENDIABITO X ELEM,DA 90 ",,,GIESSEGI 1MOBILCLASS,Sconto 10%,CDATTCHM1798,1,1,1
ELEM.,TIFFANY STANDARD,Variante,"ELEM. CABINA CM 90 H 262 , BOISERIE FORMATA DA:- N° 01 PANNELLO CABIAN CM90- N°02 MENSOLE CM 90 P41- N° 04 REGIIMENSOLA  - N° 02 TUBI APPENSIBILATO PER ELEM.90 ",,,GIESSEGI 1MOBILCLASS,Sconto 10%,CDATTCHM1800,1,1,1
PRESA,EDERA USB,Variante,PRESA USB X RICARICA TELEFONO ( NB E' UNA SOLA PRESA CON 2 INGRESSI USB) ,,,GIESSEGI 1MOBILCLASS,Sconto 10%,CDATTCHM1485,1,1,1
CASSETTIERA,ZENO CAS 90,Variante,CASSETTIERA INTERNA 3CASS. NOB. CM 89 H51 + RIPIANO DI CHIUSURA,,,GIESSEGI 1MOBILCLASS,Sconto 10%,CDATTCHM807,1,1,1
KIT,EIG KITAI32,Variante,KIT ATTREZZATURA INTERNA ARMADIO X VANO CM 89CASSETTIERA 3CASS+PORTACAMICIE,,,GIESSEGI 1MOBILCLASS,Sconto 10%,CDATTCHM1652,1,1,1
LED,EIG KITLED712,Variante,LED PROF.ALLUMINIO AD ACCENSIONE CON SENSORE DI PRESENZA,,,GIESSEGI 1MOBILCLASS,Sconto 10%,CDATTCHM1654,1,1,1
TUBO,KIT EIG726LN,Variante,TUBO APP.TI LUMINOSO SABBIA X VANO CM 134.6 ,,,GIESSEGI 1MOBILCLASS,Sconto 10%,CDATTCHM1655,1,1,1
KIT,EIG KITAI37,Variante,KIT ATTREZZATURA INTERNA X VANO COM.135 FORMATO DA: CASSETTIERA 3CAS+RIP .90+DIVISORIO E RIP.H132,,,GIESSEGI 1MOBILCLASS,Sconto 10%,CDATTCHM1653,1,1,1
PROMO:ARMADIO,ZENO 2A CC,Variante,PROMO:ARMADIO 2A L92.5 H262 FIN.NOB,,,GIESSEGI 1MOBILCLASS,Sconto 10%,CDATTCHM835,1,1,1
COMO',BALDO COMO CC,Variante,COMO' 3CASS +ZOCC CM 130 H70 P51.4 LACC. OPACO,,,GIESSEGI 1MOBILCLASS,Sconto 10%,CDATTCHM1117,1,1,1
PROMO:ARMADIO,CAMILLA 6A EXPO,Variante,PROMO:ARMADIO 6A L277  H262 P61 STR.FS.NUVOLATO CON ANTE ALTERNATE FS.NUVOLATO E ALLUMIONIO OP - MAN K2 PIOMBO OP,,,GIESSEGI 1MOBILCLASS,Sconto 10%,,1,1,1
PROMO:ARMADIO,CAMILLA 6A CC,Variante,PROMO:ARMADIO 6A L275.6 H262 P61 STRUT.NOBILITATO / 1ANTA NOB + 1 ANTA LACC OP / MAN LACC.OP ,,,GIESSEGI 1MOBILCLASS,Sconto 10%,,1,1,1
PROMO:,SALIX AP,Variante,PROMO: ARMADIO 2A SCORR L277 H246 FIANCHI NOB TELAIO ARDESIA SPECCHIO FUME ,,,GIESSEGI 1MOBILCLASS,Sconto 10%,CDATTCHM655,1,1,1
ELEM,CHICAGO STANDARD,Variante,"ELEM CABINA CM 90 H 262 FORMATO DA:- N° 02 SPALLA H262 P58- N° 01 PANNELLO CABINA L91 H262 - N° 01 CAPP GIORNO L91.4 P55- N° 01 BASE CON ZOCCOLO L91,4 P55- N° 01 RIPIANO CENTRALE L91,4- N°02 TUBO APPENDIABITO  X ELEM 90",,,GIESSEGI 1MOBILCLASS,Sconto 10%,CDATTCHM1799,1,1,1
PROMO:ARMADIO,CAMILLA 6A AP,Variante,PROMO:ARMADIO 6A L277  H262 P61 C/ MAN K2  TUTTO NOB.,,,GIESSEGI 1MOBILCLASS,Sconto 10%,,1,1,1
RETE,EDERA RETE,Variante,RETE ORTOPEDICA A DOGHE CM 160X190 PER LETTO EDERA ,,,GIESSEGI 1MOBILCLASS,Sconto 10%,,1,1,1
GRUPPO,MURA EXPO AP,Variante,GRUPPO LACC. BIANCO OPACO CON FRONTALI E TOP VETRO 16 BIANCO CRISTALLINO CON PIEDE STANDARD ,,,GIESSEGI 1MOBILCLASS,Sconto 10%,CDATTCHM2035,1,1,1
PROMO:,EDERA MAGG,Variante,PROMO: MAGG X RIVESTIMENTO COPPIA PANNELLI LETTO IN TESSUTO CAT. LUSSO,,,GIESSEGI 1MOBILCLASS,Sconto 10%,CDATTCHM1486,1,1,1
PROMO:,MENTA COMO CC,Variante,PROMO: COMO' CM120 P52.3 H76.1,,,GIESSEGI 1MOBILCLASS,Sconto 10%,CDATTCHM422,1,1,1
ARMADIO,VISION AP,Variante,ARMADIO 2A SCORREVOLI CON ANTA X TV CM 180 H262 P64 VERSIONE NOB.,,,GIESSEGI 1MOBILCLASS,Sconto 10%,CDATTCHM1658,1,1,1
ARMADIO,VISION EXPO,Variante,ARMADIO 2A SCORREVOLI CON ANTA X TV CM 180 H262 P64 TUTTO LACC. TELE OP.TELAIO ARDESIA LACC.,,,GIESSEGI 1MOBILCLASS,Sconto 10%,CDATTCHM1659,1,1,1
PONTE,ROMANTICA PONTE STANDARD,Variante,"PONTE STANDARD CM357,5 H262 FORMATO DA:-1 ELEM CM 50 H262-1 ELEM PONTE 4A L208,5 H262-1ELEM 2A CM 89-4 SPALLE TERMINALI ",,,GIESSEGI 1MOBILCLASS,Sconto 10%,CDATTCHM7146,1,1,1
GRUPPO,LAGO EXPO2,Variante,"GRUPPO COMO' L 128,7 H74,3 + 2 COMODINO L 55.2 H44STRUTTURA E FRONTALI FIN.NOB.SNOW CON INSERTO STONE GREY",,,GIESSEGI 1MOBILCLASS,Sconto 10%,CDATTCHM1929,1,1,1
GRUPPO,LAGO EXPO2 CC,Variante,"GRUPPO COMO' L 128,7 H74,3 + 2 COMODINO L 55.2 H44STRUTTURA E FRONTALI  ED NSERTO TUTTI NOB.",,,GIESSEGI 1MOBILCLASS,Sconto 10%,CDATTCHM1929,1,1,1
PROMO:,TRALICE CC,Variante,PROMO:  ARMADIO 3A SCORREVOLI C/VANO TV L277 P62/66 H262 TUTTO LACC.OP C/TELAIO ED ANTA CENTRALE ,,,GIESSEGI 1MOBILCLASS,Sconto 10%,CDATTCHM309,1,1,1
PROMO:,RAMIRO CC,Variante,"PROMO: ARMADIO 2A SCORR L277 H262 P66 STR.NOB. FRONTALI ALTERNATI, ",,,GIESSEGI 1MOBILCLASS,Sconto 10%,CDATTCHM327,1,1,1
PROMO:ARMADIO,ZENO 3A CALCE,Variante,PROMO:ARMADIO 3A L138.3 H262 FIN.CALCE,,,GIESSEGI 1MOBILCLASS,Sconto 10%,CDATTCHM830,1,1,1
PROMO:ARMADIO,ZENO 3A CC,Variante,PROMO:ARMADIO 3A L138.3 H262 FIN. NOB,,,GIESSEGI 1MOBILCLASS,Sconto 10%,CDATTCHM832,1,1,1
PROMO:ARMADIO,ZENO 2A CALCE,Variante,PROMO:ARMADIO 2A L92.5 H262 FIN.CALCE,,,GIESSEGI 1MOBILCLASS,Sconto 10%,CDATTCHM834,1,1,1
PROMO:ARMADIO,ZENO 4A CALCE,Variante,"PROMO:ARMADIO 4A L 184,1 H262 P61 FIN. CALCE",,,GIESSEGI 1MOBILCLASS,Sconto 10%,CDATTCHM317,1,1,1
PROMO:ARMADIO,ZENO 4A CC,Variante,"PROMO:ARMADIO 4A L 184,1 H262 P61 FIN.NOB.",,,GIESSEGI 1MOBILCLASS,Sconto 10%,CDATTCHM318,1,1,1
PROMO:ARMADIO,ZENO 6A CALCE,Variante,PROMO:ARMADIO 6A L275.6 H262 P61 FIN.CALCE,,,GIESSEGI 1MOBILCLASS,Sconto 10%,CDATTCHM320,1,1,1
PROMO:ARMADIO,ZENO 6A CC,Variante,PROMO:ARMADIO 6A L275.6 H262 P61 FIN.NOB,,,GIESSEGI 1MOBILCLASS,Sconto 10%,CDATTCHM321,1,1,1
PROMO:ARMADIO,ZENO 5A CALCE,Variante,PROMO:ARMADIO 5A L 229.8 H262 P61 FIN.CALCE,,,GIESSEGI 1MOBILCLASS,Sconto 10%,CDATTCHM323,1,1,1
PROMO:ARMADIO,ZENO 5A CC,Variante,PROMO:ARMADIO 5A L 229.8 H262 P61 FIN.NOB,,,GIESSEGI 1MOBILCLASS,Sconto 10%,CDATTCHM324,1,1,1
PROMO:,ZENO ANG CALCE,Variante,PROMO: MODULO ANGOLO BATTENTE CM 103 X 105 H262 FIN.CALCE (INCLUSO DI 2 TRAMEZZI),,,GIESSEGI 1MOBILCLASS,Sconto 10%,CDATTCHM315,1,1,1
PROMO:,ZENO ANG CC,Variante,PROMO: MODULO ANGOLO BATTENTE CM 103 X 105 H262 FIN.NOB (INCLUSO DI 2 TRAMEZZI),,,GIESSEGI 1MOBILCLASS,Sconto 10%,CDATTCHM313,1,1,1
ARMADIO,ZENO 6A EXPO2 ,Variante,ARMADIO 6A BATTENTI L 276 H262 P61 TUTTO NOB. FRASSINATO NUVOLA CON MANIGLIA 33 (H133) FIN.FS NUVOLA,,,GIESSEGI 1MOBILCLASS,Sconto 10%,,1,1,1
PROMO:,NEW PETUNIA EXPO,Variante,"PROMO: PONTE COMPONIBILE CM 394,4 P 60/45 H 262 STRUTTURA NUVOLA CON FRONTALI NUVOLA/GESSO /BRISTOL E SPECCHIO , MANIGLIA K + GOLA  G5COMPRESO DI MENSOLA SOTTOPONTE E 4 RIPIANI PER ELEM. TERMINALE (CASSETTIERA E LED ESCLUSI)",,,GIESSEGI 1MOBILCLASS,Sconto 10%,CDATTCHM12445,1,1,1
PROMO:,NEW PETUNIA CC,Variante,"PROMO: PONTE COMPONIBILE CM 394,4 P 60/45 H 262 TUTTO NOB. C/ANTA TERMINALE SPECCHIO , MANIGLIA K LACCATA + GOLA  G5COMPRESO DI MENSOLA SOTTOPONTE E 4 RIPIANI PER ELEM. TERMINALE (CASSETTIERA E LED ESCLUSI)",,,GIESSEGI 1MOBILCLASS,Sconto 10%,CDATTCHM12445,1,1,1
PROMO:ARMADIO,ZENO 2A NUVOLA,Variante,PROMO:ARMADIO 2A L92.5 H262 FIN.NUVOLA FRASSINATO,,,GIESSEGI 1MOBILCLASS,Sconto 10%,CDATTCHM834,1,1,1
PROMO:ARMADIO,ZENO 3A NUVOLA,Variante,PROMO:ARMADIO 3A L138.3 H262 FIN. NUVOLA FRASSINATO,,,GIESSEGI 1MOBILCLASS,Sconto 10%,CDATTCHM830,1,1,1
PROMO:ARMADIO,ZENO 4A NUVOLA,Variante,"PROMO:ARMADIO 4A L 184,1 H262 P61 FIN. NUVOLA FRASSINATO",,,GIESSEGI 1MOBILCLASS,Sconto 10%,CDATTCHM317,1,1,1
PROMO:ARMADIO,ZENO 5A NUVOLA,Variante,PROMO:ARMADIO 5A L 229.8 H262 P61 FIN.NUVOLA FRASSINATO,,,GIESSEGI 1MOBILCLASS,Sconto 10%,CDATTCHM323,1,1,1
PROMO:,ZENO ANG NUVOLA,Variante,PROMO: MODULO ANGOLO BATTENTE CM 103 X 105 H262 FIN.NUOVLA (INCLUSO DI 2 TRAMEZZI),,,GIESSEGI 1MOBILCLASS,Sconto 10%,CDATTCHM315,1,1,1
PROMO:,PAPIRO EXPO2,Variante,PROMO: GRUPPO STRUTTURA NOCE OSSIDO E FRONTALI LACC OP. ALLUMINIO FORMATO DA:N°01 COMO CM 139 P54N° 02 COMODINI  CM 61.8 P45,,,GIESSEGI 1MOBILCLASS,Sconto 10%,CDATTCHM22821,1,1,1
SETTIMINO,MENTA SETTIMINO NOB,Variante,SETTIMINO CM 53 P43.3 H130.1  C/APERTURA PUSH-PULL TUTTO NOBILITATO ,,,GIESSEGI 1MOBILCLASS,Sconto 10%,,1,1,1
COMO,MENTA COMO EXPO2,Variante,"COMO CM 120 P52.3 H74,1 APERTURA PUSH & PULL / STRUTTURA NOCE OSSIDATO / FRONTALI CASSETTI CALCE ",,,GIESSEGI 1MOBILCLASS,Sconto 10%,CDATTCHM19421,1,1,1
COMO,BALDO COMO EXPO4,Variante,COMO SFALSATO FORMATO DA: N° 01 ELEMENTO METALLO GRAFITE CM 107 P51.4 TOP CARRARAN° 02 CASSETTI L107 LACC PIOMBO APERTUTA PUSH N° 01 ZOCCOLO L107 PIOMO OPACO ,,,GIESSEGI 1MOBILCLASS,Sconto 10%,CDATTCHM2248,1,1,1
COMODINO,BALDO CDM EXPO4,Variante,"COMODINO SFALSATO FORMATO DA: N° 01 ELEMENTO METALLO GRAFITE CM 52,8  TOP NOB. CARRARAN° 01 CASSETTO L52,8 LACC PIOMBO APERTUTA PUSH N° 01 ZOCCOLO L52.7 PIOMO OPACO ",,,GIESSEGI 1MOBILCLASS,Sconto 10%,CDATTCHM2248,1,1,1
LETTO,EDERA EXPO2,Variante,LETTO MATRIMONIALE FISSO CON COMODINI INCORPORATI ALLA TESTATA - CM 280 P238 H92 -  PER RETE 160X190 ( RETE ESCLUSA) TUTTO NOCE OSSIDATO CON PANNELLI SCORREVOLI IN TESSUTO VINTAGE V06 / DOPPIA PRESA USB DX E SX  / LUCI LED SU RIPIANI VETRO / PIEDI PLEXIGLASS TRASPARENTI ,,,GIESSEGI 1MOBILCLASS,Sconto 10%,CDATTCHM19410,1,1,1
LETTO,EDERA EXPO2 AP,Variante,LETTO MATRIMONIALE FISSO CON COMODINI INCORPORATI ALLA TESTATA - CM 280 P238 H92 -  PER RETE 160X190 ( RETE ESCLUSA) TUTTO NOCE OSSIDATO CON PANNELLI SCORREVOLI BIANCO NEVE / LUCI LED SU RIPIANI VETRO / PIEDI PLEXIGLASS TRASPARENTI ,,,GIESSEGI 1MOBILCLASS,Sconto 10%,CDATTCHM29954,1,1,1
ARMADIO,SALIX EXPO4,Variante,ARMADIO 2A SCORR L277 H246 FIANCHI LACC.OP PIOMBO /TELAIO  GRAFITE/ SPECCHIO FUME ,,,GIESSEGI 1MOBILCLASS,Sconto 10%,CDATTCHM655,1,1,1
ARMADIO,TRALICE EXPO2,Variante,ARMADIO 3A SCORREVOLE L277 H262 P62/66 CON FIANCHI E 2 ANTE LATERALI LACCATO OP ALLUMINIO  E ANTA CENTRALE  TV NOCE OSSIDATO - TELAIO GRAFITE - INTERNO NOBILITATO LINO ,,,GIESSEGI 1MOBILCLASS,Sconto 10%,CDATTCHM22817,1,1,1
PROMO:ARMADIO,RAMIRO EXPO3,Variante,PROMO:ARMADIO 2A SCORREVOLI L 277 H262 P66 STRUTTURA CALCE / FRONTALI CALCE+SPECCHIO FUME' E NOCE OSSIDATO / INTERNO ARMADIO NOB.LINO /TELAIO GRAFITE ,,,GIESSEGI 1MOBILCLASS,Sconto 10%,CDATTCHM19401,1,1,1
PROMO:,PETRA CC,Variante,"PROMO: GRUPPO COMO + 2 COMODINI, STRUTTURA NOBILITATO FRONTALI LACC OP",,,GIESSEGI 1MOBILCLASS,Sconto 10%,CDATTCHM312,1,1,1
COMODINO,TALEA CDM EXPO,Variante,"COMODINO L 55,2 P45,6 H44,5 ROVERE NODATO C/INSERTI ALLUMINIO OP. GUIDE ESTR TOT",,,GIESSEGI 1MOBILCLASS,Sconto 10%,CDATTCHM981,1,1,1
COMO',TALEA COMO EXPO,Variante,COMO' L 129  P54 H73  ROVERE NODATO C/INSERTI ALLUMINIO OP. GUIDE ESTR TOT ,,,GIESSEGI 1MOBILCLASS,Sconto 10%,CDATTCHM982,1,1,1
PPROMO:GRUPPO,PETRA EXPO,Variante,"PPROMO:GRUPPO COMO +2 COMODINI, STRUTTURA NOBILITATO OLMO/FRONTALI LACC OP BALTICO E BIANCO",,,GIESSEGI 1MOBILCLASS,Sconto 10%,CDATTCHM416,1,1,1
PROMO:,DANA GRU CC,Variante,PROMO: GRUPPO COMO+2 COMODINI STR. NOBILITATO....PARTICOLARE LACC....,,,GIESSEGI 1MOBILCLASS,Sconto 10%,CDATTCHM329,1,1,1
PROMO:,DANA GRU EXPO,Variante,PROMO: GRUPPO COMO+2 COMODINI STR. CALCE E FRONTALI CALCE + FR.SP28 FANGO,,,GIESSEGI 1MOBILCLASS,Sconto 10%,CDATTCHM417,1,1,1
PROMO:,JASON CC,Variante,PROMO: GRUPPO COMO+2 CDM TUTT NOB. + PART. LACC. OP,,,GIESSEGI 1MOBILCLASS,Sconto 10%,CDATTCHM332,1,1,1
PROMO:,JASON EXPO1,Variante,PROMO: GRUPPO COMO+2 CDM TUTTO ROVERE NODATO + PART. LACC BRISTOL,,,GIESSEGI 1MOBILCLASS,Sconto 10%,CDATTCHM333,1,1,1
PROMO:,MENTA GRU,Variante,PROMO: GRUPPO COMO'+CDM NOBILITATO APERTURA PUSH PULL,,,GIESSEGI 1MOBILCLASS,Sconto 10%,CDATTCHM656,1,1,1
PROMO:,JASON EXPO2,Variante,PROMO: GRUPPO COMO+2 CDM TUTT NOB.ROVERE NODATO + PART. LACC. OP.BIANCO,,,GIESSEGI 1MOBILCLASS,Sconto 10%,CDATTCHM163,1,1,1
LETTO,EDERA AP CC,Variante,LETTO MATRIMONIALE FISSO CON COMODINI INCORPORATI ALLA TESTATA - CM 280 P238 H92 -  PER RETE 160X190 ( RETE ESCLUSA) TUTTONOB. CON PANNELLI SCORREVOLI  SCORREVOLI  / LUCI LED SU RIPIANI VETRO / PIEDI PLEXIGLASS TRASPARENTI ,,,GIESSEGI 1MOBILCLASS,Sconto 10%,CDATTCHM311,1,1,1
PROMO,FOSCA GRI13,Variante,PROMO ST:SEDIA PIEDI METALLO RETT ANTRACITE + SED.TESSUTO CAT.D HUSTON 13,,,IL SIEDIDORMI SH.P.K.,Sconto 10%,CDATTCHM787,1,1,1
PROMO,FOSCA PET,Variante,PROMO ST:SEDIA GAMBE METALLO RETT ANTRACITE E SEDUTA TESSUTO CAT.C TIFFANY COL.12 PETROLIO,,,IL SIEDIDORMI SH.P.K.,Sconto 10%,CDATTCHM1261,1,1,1
PROMO,FEDRA ANTRACITE,Variante,PROMO ST:SEDIA PIEDI LEGNO IN TINTA CON.SEDUTA RIV. B SUN 96 ANTRACITE,,,IL SIEDIDORMI SH.P.K.,Sconto 10%,CDATTCHM1670,1,1,1
PROMO,NESTORE GRIGIA,Variante,PROMO ST:SEDIA BASE METALLO CONICO SED.TESSUTO CAT.C FOSTER COL.18 GRIGIO,,,IL SIEDIDORMI SH.P.K.,Sconto 10%,CDATTCHM1721,1,1,1
PROMO,NESTORE PETROLIO,Variante,PROMO ST:SEDIA BASE METALLO CONICO SED.TESSUTO CAT.C FOSTER COL.14 PETROLIO,,,IL SIEDIDORMI SH.P.K.,Sconto 10%,CDATTCHM1721,1,1,1
PROMO,FOSCA SGA PET ,Variante,PROMO ST: SGABELLO GAMBE METALLO RETT ANTRACITE E SEDUTA TESSUTO CAT.C TIFFANY COL.12 PETROLIO,,,IL SIEDIDORMI SH.P.K.,Sconto 10%,CDATTCHM2104,1,1,1
PROMO:,RAFFAELLO 110 PNERA,Variante,"PROMO: TAVOLO CM 110X70  ALL 150 - PIEDI GHISA, PIANA MELAMINICO EFF. PIETRA NERA ",,,IL SIEDIDORMI SH.P.K.,Sconto 10%,CDATTCHM2101,1,1,1
PROMO:,RAFFAELLO 130 QUERCIA,Variante,PROMO: TAVOLO CM 130X80 ALL 170 - PIEDI METALLO BIANCO OPACO / PIANA MELAMINICO EFFETTO QUERCIA ,,,IL SIEDIDORMI SH.P.K.,Sconto 10%,CDATTCHM2102,1,1,1
PROMO:,RAFFAELLO 130 CARRARA,Variante,PROMO: TAVOLO CM 130X80 ALL 170 - PIEDI GHISA  / PIANA MELAMINICO EFFETTO MARMO CARRARA,,,IL SIEDIDORMI SH.P.K.,Sconto 10%,CDATTCHM2103,1,1,1
SEDIA,TOLK VERDE TITANIO,Variante,"SEDIA STRUTTURA METALLO TITANIO , SEDUTA TESSUTO ANTIMACCHIA DIVA 121 CAT.C VERDE",,,IL SIEDIDORMI SH.P.K.,Sconto 10%,,1,1,1
PROMO,FOSCA SGA GRIGIO,Variante,PROMO ST:S GABELLO  PIEDI METALLO RET ANTRACITE + SED.TESSUTO CAT.D HUSTON 13,,,IL SIEDIDORMI SH.P.K.,Sconto 10%,CDATTCHM2105,1,1,1
PROMO,FEDRA GRIGIA ,Variante,PROMO ST:SEDIA PIEDI LEGNO IN TINTA CON.SEDUTA RIV.C/ JAZZ COL7 GRIGIO TORTORA,,,IL SIEDIDORMI SH.P.K.,Sconto 10%,CDATTCHM1670,1,1,1
SEDIA,TOLK VERDE ANTRACITE,Variante,"SEDIA STRUTTURA METALLO ANTRACITE , SEDUTA TESSUTO ANTIMACCHIA DIVA 121 CAT.C VERDE",,,IL SIEDIDORMI SH.P.K.,Sconto 10%,,1,1,1
PROMO,DESERT BRUCIATO,Variante,"PROMO ST: SEDIA GAMBE CONICHE METALLO COL.TITANIO, SEDUTA TESSUTO ANTIMACCHIA MOLI COL.55 CAT.D BRUCIATO ",,,IL SIEDIDORMI SH.P.K.,Sconto 10%,CDATTCHM2430,1,1,1
SEDIA,IRMA,Variante,"SEDIA POLTRONCINA, PIEDE CONO GHISA SEDUTA CLOUD COL.63 CAT.D",,,IL SIEDIDORMI SH.P.K.,Sconto 10%,CDATTCHM2330,1,1,1
SEDIA,MINA TORTORA,Variante,SEDIA PIEDE CONICO ANTRACITE SEDUTA TORTORA ENJOY 07,,,IL SIEDIDORMI SH.P.K.,Sconto 10%,CDATTCHM5192,1,1,1
LETTO,BRETON 160CC,Variante,"LETTO MATR.CONTENITORE BOMBATO C/TAGLIO 45° , RETE 160X190 PIEDE NERO H6 RIVEST. CAT.EXTRA  ",,,ITALNOTTE SRL,Sconto 10%,CDATTCHM1788,1,1,1
MAGGIORAZIONE,KIT USB 1LATO,Variante,MAGGIORAZIONE X KIT USB 1 LATO ,,,ITALNOTTE SRL,Sconto 10%,CDATTCHM1791,1,1,1
MAGGIORAZIONE,KIT USB 2LATI,Variante,MAGGIORAZIONE X KIT USB  2 LATI ,,,ITALNOTTE SRL,Sconto 10%,CDATTCHM1790,1,1,1
LAMPADA,LED LAMPADA,Variante,LAMPADA LED ATTACCO USB PER TESTATA LETTO ,,,ITALNOTTE SRL,Sconto 10%,CDATTCHM1789,1,1,1
LETTO,WEEK 160EXPOAP,Variante,"LETTO MATR.CONTENITORE C/TAGLIO 45° , RETE 160X190 RIVEST. CAT.EXTRA TEKNOFIBRA 02  ",,,ITALNOTTE SRL,Sconto 10%,CDATTCHM1784,1,1,1
LETTO,WEEK 160EXPO CC,Variante,"LETTO MATR.CONTENITORE C/TAGLIO 45° , RETE 160X190 RIVEST. CAT.EXTRA  C/ PRESA USB SU 2 LATI E LAMPADA LED",,,ITALNOTTE SRL,Sconto 10%,CDATTCHM1784,1,1,1
LETTO,RIO 160EXPO,Variante,LETTO MATRIMONIALE CONTENITORE CON RETE 160X190 PIEDE NERO H6 RIVEST. CAT.A ROMA 14 ,,,ITALNOTTE SRL,Sconto 10%,CDATTCHM1782,1,1,1
LETTO,RIO 160 CC,Variante,LETTO MATRIMONIALE CONTENITORE CON RETE 160X190 PIEDE NERO H6 RIVEST. CAT.A ,,,ITALNOTTE SRL,Sconto 10%,CDATTCHM1782,1,1,1
LETTO,CALIFORNIA 160EXPO,Variante,LETTO MATRIMONIALE CONTENITORE CON RETE 160X190 PIEDE NERO H6 - RIVESTIMENTO CAT.A ROMA 03 (BEIGE),,,ITALNOTTE SRL,Sconto 10%,CDATTCHM1783,1,1,1
LETO,CALIFORNIA 160CC,Variante,LETO MATRIMONIALE CONTENITORE CON RETE 160X190 PIEDE NERO H6 - RIVESTIMENTO CAT.A ,,,ITALNOTTE SRL,Sconto 10%,CDATTCHM1783,1,1,1
LETTO,WEEK 160EXPO,Variante,"LETTO MATR.CONTENITORE C/TAGLIO 45° , RETE 160X190 RIVEST. CAT.EXTRA TEKNOFIBRA 02  C/ PRESA USB SU 2 LATI E LAMPADA LED",,,ITALNOTTE SRL,Sconto 10%,CDATTCHM1784,1,1,1
LETTO,WEEK 160APCC,Variante,"LETTO MATR.CONTENITORE C/TAGLIO 45° , RETE 160X190 RIVEST. CAT.EXTRA ",,,ITALNOTTE SRL,Sconto 10%,CDATTCHM1784,1,1,1
LETTO,JOY 160EXPO,Variante,LETTO MATRIMONIALE CONTENITORE CON RETE 160X190 PIEDE NERO H6 RIVEST. CAT.A ROMA 34 (VERDE SCURO),,,ITALNOTTE SRL,Sconto 10%,CDATTCHM1785,1,1,1
LETTO,JOY 160CC,Variante,LETTO MATRIMONIALE CONTENITORE CON RETE 160X190 PIEDE NERO H6 RIVEST. CAT.A ,,,ITALNOTTE SRL,Sconto 10%,CDATTCHM1785,1,1,1
LETTO,VOLO 160EXPO,Variante,"LETTO MATR.CONTENITORE C/TAGLIO 45° , RETE 160X190 PIEDE NERO H6 RIVEST. CAT.EXTRA TEKNOFIBRA 33",,,ITALNOTTE SRL,Sconto 10%,CDATTCHM1786,1,1,1
LETTO,VOLO 160CC,Variante,"LETTO MATR.CONTENITORE C/TAGLIO 45° , RETE 160X190 PIEDE NERO H6 RIVEST. CAT.EXTRA  ",,,ITALNOTTE SRL,Sconto 10%,CDATTCHM1786,1,1,1
LETTO,GIOVE 160EXPO,Variante,LETTO MATR.CONTENITORE  RETE 160X190 PIEDE SPILLO H15 RIV. CAT.EXTRA TIFFANY 12 (PETROLIO) RETRO TKNOFIBRA 32,,,ITALNOTTE SRL,Sconto 10%,CDATTCHM1787,1,1,1
LETTO,GIOVE 160CC,Variante,LETTO MATR.CONTENITORE  RETE 160X190 PIEDE SPILLO H15 RIV. CAT.EXTRA ,,,ITALNOTTE SRL,Sconto 10%,CDATTCHM1787,1,1,1
PROMO:,DUNE EXPO ,Variante,PROMO: LETTO MATRIMONIALE CONTENITORE H26 CON PRESA USB E LAMPADA LED - RIVESTIMENTO CAT.A ROMA COL.22 ,,,ITALNOTTE SRL,Sconto 10%,CDATTCHM2017,1,1,1
PROMO:,DUNE EXPO AP,Variante,PROMO: LETTO MATRIMONIALE CONTENITORE H26 - RIVESTIMENTO CAT.A ROMA COL.22 ,,,ITALNOTTE SRL,Sconto 10%,CDATTCHM2017,1,1,1
PROMO:,DUNE EXPO AP CC,Variante,PROMO: LETTO MATRIMONIALE CONTENITORE H26 - RIVESTIMENTO CAT.A ,,,ITALNOTTE SRL,Sconto 10%,CDATTCHM2017,1,1,1
PROMO:,ANTIMO 160EXPO,Variante,PROMO: LETTO MATRIMONIALE CONTENITORE CON RETE 160X190 PIEDE H135 BROWN - RIVESTIMENTO EXTRA TIFFANY COL. 35 OLIVA,,,ITALNOTTE SRL,Sconto 10%,CDATTCHM2137,1,1,1
PROMO:,ANTIMO 160 CC,Variante,PROMO: LETTO MATRIMONIALE CONTENITORE CON RETE 160X190 PIEDE H135 - RIVESTIMENTO EXTRA  ,,,ITALNOTTE SRL,Sconto 10%,CDATTCHM2137,1,1,1
PROMO:,ANTIMO 160 AP,Variante,PROMO: LETTO MATRIMONIALE CONTENITORE CON RETE 160X190 PIEDE H6 NERO - RIVESTIMENTO CAT.A,,,ITALNOTTE SRL,Sconto 10%,CDATTCHM2137,1,1,1
LETTO,LINE EXPO,Variante,LETTO MATRIMONIALE CONTENITORE GIROLETTO 45 CON RETE 160X190 CON PIEDE NUMANA H13 NERO OPACO  CAT. EXTRA TECNOFIBRA COL.03,,,ITALNOTTE SRL,Sconto 10%,CDATTCHM25142,1,1,1
LETTO,LINE CC,Variante,LETTO MATRIMONIALE CONTENITORE GIROLETTO 45 CON RETE 160X190 CON PIEDE NUMANA H13 NERO OPACO  CAT. EXTRA ,,,ITALNOTTE SRL,Sconto 10%,CDATTCHM25142,1,1,1
LETTO,LINE AP CAT. A,Variante,LETTO MATRIMONIALE CONTENITORE GIROLETTO 45 CON RETE 160X190 CON PIEDE NUMANA H13 NERO OPACO  CAT. A,,,ITALNOTTE SRL,Sconto 10%,CDATTCHM25142,1,1,1
LETTO,MARINA 120 EXPO ,Variante,LETTO CONTENITORE CON RETE 120X190 RIVESTIMENTO CAT. A ROMA COL.14 SENAPE ,,,ITALNOTTE SRL,Sconto 10%,CDATTCHM31817,1,1,1
LETTO,MARINA 120 CC,Variante,LETTO CONTENITORE CON RETE 120X190 RIVESTIMENTO CAT. A  ,,,ITALNOTTE SRL,Sconto 10%,CDATTCHM31817,1,1,1
LETTO,RIO 120EXPO,Variante,LETTO DA 120 CONTENITORE CON RETE 120X190 PIEDE NERO H6 RIVEST. CAT. EXTRA TECNOFIBRA 02 SABBIA,,,ITALNOTTE SRL,Sconto 10%,CDATTCHM1782,1,1,1
LETTO,RIO 120 CC,Variante,LETTO DA 120 CONTENITORE CON RETE 120X190 PIEDE NERO H6 RIVEST. CAT. EXTRA ,,,ITALNOTTE SRL,Sconto 10%,CDATTCHM1782,1,1,1
LETTO,RIO 120 AP,Variante,LETTO DA 120 CONTENITORE CON RETE 120X190 PIEDE NERO H6 RIVEST. CAT.A,,,ITALNOTTE SRL,Sconto 10%,CDATTCHM1782,1,1,1
PROMO:TAVOLO,ARNO 160 CC MELAMINICO,Variante,PROMO:TAVOLO CM 160X90 +3ALL DA 45( 295) PIEDE LEGNO FAGGIO  E PIANA MELAMINICO ,,,TECNOLEGNO TAVOLI SRL,Sconto 10%,CDATTCHM27857,1,1,1
PROMO:TAVOLO,ARNO 160 CEM LAVANDA,Variante,PROMO:TAVOLO CM 160X90 +3ALL DA 45( 295) PIEDE LEGNO FAGGIO ANTRACITE E PIANO MEL.. CEM LAVANDA,,,TECNOLEGNO TAVOLI SRL,Sconto 10%,CDATTCHM27856,1,1,1
PROMO:TAVOLO,ARNO 160 MARMO ANTRACITE,Variante,PROMO:TAVOLO CM 160X90 +3ALL DA 45( 295) PIEDE LEGNO FAGGIO FIN.NERA E PIANO MEL.. MARMO ANTRACITE,,,TECNOLEGNO TAVOLI SRL,Sconto 10%,CDATTCHM27845,1,1,1
PROMO:TAVOLO,ARNO 160 PIETRA BIANCA,Variante,PROMO:TAVOLO CM 160X90 +3ALL DA 45( 295) PIEDE LEGNO FAGGIO ANTRACITE E PIANO MEL. PIETRA BIANCA,,,TECNOLEGNO TAVOLI SRL,Sconto 10%,CDATTCHM27855,1,1,1
PROMO:TAVOLO,ARNO 160EXPO2 ROVERE,Variante,PROMO:TAVOLO CM 160X90 +3ALL DA 45( 295) PIEDE LEGNO FAGGIO FIN.NERA E PIANO MEL.ROVERE ,,,TECNOLEGNO TAVOLI SRL,Sconto 10%,CDATTCHM27840,1,1,1
PROMO:,AVIGNONE 160EXPO,Variante,PROMO: TAVOLO CM 160 X 90 + 2 ALL DA 45 / GAMBE LEGNO FINITURA ROVERE / PIANA VETRO STANDARD TRASPARENTE ,,,TECNOLEGNO TAVOLI SRL,Sconto 10%,CDATTCHM27118,1,1,1
PROMO:TAVOLO,CANDIDO 180 CC MELAMINICO,Variante,PROMO:TAVOLO CM 180X90 ALL 380 GAMBA FRASSINO  PIANO MELAMINICO ,,,TECNOLEGNO TAVOLI SRL,Sconto 10%,CDATTCHM27859,1,1,1
PROMO:TAVOLO,CANDIDO 180 PIETRA GRIGIA,Variante,PROMO:TAVOLO CM 180X90 ALL 380 GAMBA BIANCO FRASSINO PIANA MEL. PIETRA GRIGIA ,,,TECNOLEGNO TAVOLI SRL,Sconto 10%,CDATTCHM27835,1,1,1
PROMO:TAVOLO,CANDIDO 180 PIETRA NERA,Variante,PROMO:TAVOLO CM 180X90 ALL 380 GAMBA BIANCO FRASSINO PIANA MEL. PIETRA NERA,,,TECNOLEGNO TAVOLI SRL,Sconto 10%,CDATTCHM27836,1,1,1
PROMO:TAVOLO,CANDIDO 180 EXPO ROVERE,Variante,PROMO:TAVOLO CM 180X90 ALL 380 GAMBA FRASSINO ROVERE PIANO ROVERE,,,TECNOLEGNO TAVOLI SRL,Sconto 10%,CDATTCHM27829,1,1,1
TAVOLO,MARGARET 130 CALACATTA NERO ,Variante,TAVOLO CM 130X90 + 50  CON APERTURA SCORREVOLEGAMBE E PIANO TUTTO MELAMINICO CALACATTA NERO,,,TECNOLEGNO TAVOLI SRL,Sconto 10%,CDATTCHM19257,1,1,1
TAVOLO,MARGARET 130 CALACATTA ORO ,Variante,TAVOLO CM 130X90 + 50  CON APERTURA SCORREVOLEGAMBE E PIANO TUTTO MELAMINICO CALACATTA ORO ,,,TECNOLEGNO TAVOLI SRL,Sconto 10%,CDATTCHM19256,1,1,1
TAVOLO,MARGARET 130 CC MELAMINICO ,Variante,TAVOLO CM 130X90 + 50  CON APERTURA SCORREVOLEGAMBE E PIANO TUTTO MELAMINICO  ,,,TECNOLEGNO TAVOLI SRL,Sconto 10%,CDATTCHM19260,1,1,1
TAVOLO,MARGARET 130 CEM. LAVANDA,Variante,TAVOLO CM 130X90 + 50  CON APERTURA SCORREVOLEGAMBE E PIANO TUTTO MELAMINICO CEMENTO LAVANDA ,,,TECNOLEGNO TAVOLI SRL,Sconto 10%,CDATTCHM19258,1,1,1
TAVOLO,MARGARET 130 MARMO SABBIA,Variante,TAVOLO CM 130X90 + 50  CON APERTURA SCORREVOLEGAMBE E PIANO TUTTO MELAMINICO MARMO SABBIA,,,TECNOLEGNO TAVOLI SRL,Sconto 10%,CDATTCHM19259,1,1,1
TAVOLO,MARGARET 130 PIETRA GRIGIA ,Variante,TAVOLO CM 130X90 + 50  CON APERTURA SCORREVOLEGAMBE E PIANO TUTTO MELAMINICO PIETRA GRIGIA,,,TECNOLEGNO TAVOLI SRL,Sconto 10%,CDATTCHM19255,1,1,1
PROMO:TAVOLO,MONIA 100 CALACATTA NERO,Variante,PROMO:TAVOLO CM 100X100 +4 ALL DA 50CM ( APERTA 100X300) GAMBA ANTRACITE PIANA CALACATTA NERO +  CUSTODIA PER PROLUGHE OAMGGIO(NB PROLUNGHE DA CUSTODIRE A PARTE),,,TECNOLEGNO TAVOLI SRL,Sconto 10%,CDATTCHM27926,1,1,1
PROMO:TAVOLO,MONIA 100 CC MELAMINICO,Variante,PROMO:TAVOLO CM 100X100 +4 ALL DA 50CM ( APERTA 100X300) GAMBE METALLO E  PIANA MELAMINICO+  CUSTODIA PER PROLUGHE OAMGGIO(NB PROLUNGHE DA CUSTODIRE A PARTE),,,TECNOLEGNO TAVOLI SRL,Sconto 10%,CDATTCHM27929,1,1,1
PROMO:TAVOLO,MONIA 100 CEM ANTRACITE,Variante,PROMO:TAVOLO CM 100X100 +4 ALL DA 50CM ( APERTA 100X300) GAMBA ANTRACITE PIANA CEM ANTRACITE +  CUSTODIA PER PROLUGHE OAMGGIO(NB PROLUNGHE DA CUSTODIRE A PARTE),,,TECNOLEGNO TAVOLI SRL,Sconto 10%,CDATTCHM27928,1,1,1
PROMO:TAVOLO,MONIA 100 CEM TORTORA,Variante,PROMO:TAVOLO CM 100X100 +4 ALL DA 50CM ( APERTA 100X300) GAMBA ANTRACITE PIANA CEM TORTORA +  CUSTODIA PER PROLUGHE OAMGGIO(NB PROLUNGHE DA CUSTODIRE A PARTE),,,TECNOLEGNO TAVOLI SRL,Sconto 10%,CDATTCHM27927,1,1,1
PROMO:TAVOLO,MONIA 100EXPO ROVERE,Variante,PROMO:TAVOLO CM 100X100 +4 ALL DA 50CM ( APERTA 100X300) GAMBA ANTRACITE PIANA ROVERE + CUSTODIA PER PROLUGHE OAMGGIO(NB PROLUNGHE DA CUSTODIRE A PARTE),,,TECNOLEGNO TAVOLI SRL,Sconto 10%,CDATTCHM27861,1,1,1
PROMO:,MOZART 160 CC MELAMINICO  ,Variante,PROMO: TAVOLO 160 X 90 +50+50 TELAIO LEGNO CON PIANO CENTRALE CON 2 APERTURE LATERALI TUTTO MELAMINICO ,,,TECNOLEGNO TAVOLI SRL,Sconto 10%,CDATTCHM19300,1,1,1
PROMO:,MOZART 160 CEM LAVANDA,Variante,PROMO: TAVOLO 160 X 90 +50+50 TELAIO LEGNO CON PIANO CENTRALE CON 2 APERTURE LATERALI TUTTO MELAMINICO CEMENTO LAVANDA  ,,,TECNOLEGNO TAVOLI SRL,Sconto 10%,CDATTCHM19301,1,1,1
PROMO:,MOZART 160 PIETRA NERA,Variante,PROMO: TAVOLO 160 X 90 +50+50 TELAIO LEGNO CON PIANO CENTRALE CON 2 APERTURE LATERALI TUTTO MELAMINICO PIETRA NERA,,,TECNOLEGNO TAVOLI SRL,Sconto 10%,CDATTCHM19302,1,1,1
PROMO:,MOZART 160 QUECIA,Variante,PROMO: TAVOLO 160 X 90 +50+50 TELAIO LEGNO CON PIANO CENTRALE CON 2 APERTURE LATERALI TUTTO MELAMINICO QUERCIA ,,,TECNOLEGNO TAVOLI SRL,Sconto 10%,CDATTCHM19303,1,1,1
PROMO:,MOZART 160 RS/QUERCIA,Variante,PROMO: TAVOLO 160 X 90 +50+50 TELAIO LEGNO CON PIANO CENTRALE CON 2 APERTURE LATERALI PIEDI QUERCIA / PIANO ROVERE SBIANCATO CON CAPITELLI QUERCIA ,,,TECNOLEGNO TAVOLI SRL,Sconto 10%,CDATTCHM19304,1,1,1
PROMO:,MOZART 180 CC MELAMINICO,Variante,PROMO: TAVOLO 180 X 90 +50+50 TELAIO LEGNO CON PIANO CENTRALE CON 2 APERTURE LATERALI TUTTO MELAMINICO ,,,TECNOLEGNO TAVOLI SRL,Sconto 10%,CDATTCHM19305,1,1,1
PROMO:,MOZART 180 CEM LAVANDA ,Variante,PROMO: TAVOLO 180 X 90 +50+50 TELAIO LEGNO CON PIANO CENTRALE CON 2 APERTURE LATERALI TUTTO MELAMINICO CEMENTO LAVANDA  ,,,TECNOLEGNO TAVOLI SRL,Sconto 10%,CDATTCHM19306,1,1,1
PROMO:,MOZART 180 EXPO RS/QUERCIA ,Variante,PROMO: TAVOLO 180 X 90 +50+50 TELAIO LEGNO CON PIANO CENTRALE CON 2 APERTURE LATERALI PIEDI QUERCIA / PIANO ROVERE SBIANCATO CON CAPITELLI QUERCIA ,,,TECNOLEGNO TAVOLI SRL,Sconto 10%,CDATTCHM19307,1,1,1
PROMO:,MOZART 180 PIETRA NERA,Variante,PROMO: TAVOLO 180 X 90 +50+50 TELAIO LEGNO CON PIANO CENTRALE CON 2 APERTURE LATERALI TUTTO MELAMINICO PIETRA NERA,,,TECNOLEGNO TAVOLI SRL,Sconto 10%,CDATTCHM19308,1,1,1
PROMO:,MOZART 180 QUECIA ,Variante,PROMO: TAVOLO 180 X 90 +50+50 TELAIO LEGNO CON PIANO CENTRALE CON 2 APERTURE LATERALI TUTTO MELAMINICO QUERCIA ,,,TECNOLEGNO TAVOLI SRL,Sconto 10%,CDATTCHM19309,1,1,1
PROMO:,OTTIMO 100 CALACATTA NERO,Variante,PROMO: TAVOLO CM 100X80 APERTURA LIBRO - GAMBE METALLO  BRONZO E PIANA CALACATA NERO,,,TECNOLEGNO TAVOLI SRL,Sconto 10%,CDATTCHM27989,1,1,1
PROMO:,OTTIMO 100 CC MELAMINICO,Variante,PROMO: TAVOLO CM 100X80  APERTURA LIBRO - GAMBE METALLO E PIANA MELAMINICO,,,TECNOLEGNO TAVOLI SRL,Sconto 10%,CDATTCHM28019,1,1,1
PROMO:,OTTIMO 100 CEM BRONZO,Variante,PROMO: TAVOLO CM 100X80   APERTURA LIBRO - GAMBE METALLO BIANCO PIANA CEM.BRONZO  ,,,TECNOLEGNO TAVOLI SRL,Sconto 10%,CDATTCHM28011,1,1,1
PROMO:,OTTIMO 100 CEM GRIGIO ,Variante,PROMO: TAVOLO CM 100X80  APERTURA LIBRO - GAMBE METALLO ANTRACITE PIANA CEMENTO GRIGIO  ,,,TECNOLEGNO TAVOLI SRL,Sconto 10%,CDATTCHM27969,1,1,1
PROMO:,OTTIMO 100 CEM GRIGIO VISONE,Variante,PROMO: TAVOLO CM 100X80  APERTURA LIBRO - GAMBE METALLO VISONE PIANA CEMENTO GRIGIO  ,,,TECNOLEGNO TAVOLI SRL,Sconto 10%,CDATTCHM27987,1,1,1
PROMO:,OTTIMO 100 ROVERE,Variante,PROMO: TAVOLO CM 100X80  APERTURA LIBRO - GAMBE METALLO ANTRACIITE PIANA  ROVERE  ,,,TECNOLEGNO TAVOLI SRL,Sconto 10%,CDATTCHM28015,1,1,1
PROMO:,OTTIMO 100 ROVERE NODATO,Variante,PROMO: TAVOLO CM 100X80  APERTURA LIBRO - GAMBE METALLO BRONZO PIANA  ROVERE NODATO  ,,,TECNOLEGNO TAVOLI SRL,Sconto 10%,CDATTCHM27995,1,1,1
PROMO:,OTTIMO 90 CALACATTA NERO,Variante,PROMO: TAVOLO CM 90X90 ALL A LIBRO 90X180 GAMBE METALLO BRONZO E  PIANA CALALCATTA NERA,,,TECNOLEGNO TAVOLI SRL,Sconto 10%,CDATTCHM27990,1,1,1
PROMO:,OTTIMO 90 CC MELAMINICO,Variante,PROMO: TAVOLO CM 90X90 ALL A LIBRO 90X180GAMBE METALLO E PIANA MELAMINICO,,,TECNOLEGNO TAVOLI SRL,Sconto 10%,CDATTCHM28020,1,1,1
PROMO:,OTTIMO 90 CEM BRONZO,Variante,PROMO: TAVOLO CM 90X90 ALL A LIBRO 90X180 GAMBE METALLO BIANCO PIANA CEM.BRONZO  ,,,TECNOLEGNO TAVOLI SRL,Sconto 10%,CDATTCHM28012,1,1,1
PROMO:,OTTIMO 90 CEM GRIGIO,Variante,PROMO: TAVOLO CM 90X90 ALL A LIBRO 90X180 GAMBE METALLO ANTRACITE PIANA CEMENTO GRIGIO  ,,,TECNOLEGNO TAVOLI SRL,Sconto 10%,CDATTCHM27969,1,1,1
PROMO:,OTTIMO 90 CEM GRIGIO VISONE,Variante,PROMO: TAVOLO CM 90X90 ALL A LIBRO 90X180 GAMBE METALLO VISONE PIANA CEMENTO GRIGIO  ,,,TECNOLEGNO TAVOLI SRL,Sconto 10%,CDATTCHM27988,1,1,1
PROMO:,OTTIMO 90 ROVERE,Variante,PROMO: TAVOLO CM 90X90 ALL A LIBRO 90X180 GAMBE METALLO ANTRACIITE PIANA  ROVERE  ,,,TECNOLEGNO TAVOLI SRL,Sconto 10%,CDATTCHM28008,1,1,1
PROMO:,OTTIMO 90 ROVERE NODATO,Variante,PROMO: TAVOLO CM 90X90 ALL A LIBRO 90X180 GAMBE METALLO BRONZO PIANA  ROVERE NODATO  ,,,TECNOLEGNO TAVOLI SRL,Sconto 10%,CDATTCHM27997,1,1,1
PROMO:,PRATO BIANCO FRASSINO ,Variante,PROMO: TAVOLO CONSOLLE CM 50X100 ALL CM 300 TUTTABIANCO FRASSINO (NB PROLUNGHE DA TENENRE A PARTE),,,TECNOLEGNO TAVOLI SRL,Sconto 10%,CDATTCHM27954,1,1,1
PROMO:,PRATO CALACATTA NERO,Variante,PROMO: TAVOLO CONSOLLE CM 50X100 ALL CM 300 TUTTA CALACATTA NERO(NB PROLUNGHE DA TENENRE A PARTE),,,TECNOLEGNO TAVOLI SRL,Sconto 10%,CDATTCHM27955,1,1,1
PROMO:,PRATO CALACATTA ORO,Variante,PROMO: TAVOLO CONSOLLE CM 50X100 ALL CM 300 TUTTA CALACATTA ORO(NB PROLUNGHE DA TENENRE A PARTE),,,TECNOLEGNO TAVOLI SRL,Sconto 10%,CDATTCHM27956,1,1,1
PROMO:,PRATO CC MELAMINICO,Variante,PROMO: TAVOLO CONSOLLE CM 50X100 ALL CM 300 TUTTA MELAMINICO(NB PROLUNGHE DA TENENRE A PARTE),,,TECNOLEGNO TAVOLI SRL,Sconto 10%,CDATTCHM27962,1,1,1
PROMO:,PRATO CEM.LAVANDA,Variante,PROMO: TAVOLO CONSOLLE CM 50X100 ALL CM 300 TUTTA CEM.LAVANDA(NB PROLUNGHE DA TENENRE A PARTE),,,TECNOLEGNO TAVOLI SRL,Sconto 10%,CDATTCHM27951,1,1,1
PROMO:,PRATO ROVERE,Variante,PROMO: TAVOLO CONSOLLE CM 50X100 ALL CM 300 TUTTA MELAMINICO ROVERE (NB PROLUNGHE DA TENENRE A PARTE),,,TECNOLEGNO TAVOLI SRL,Sconto 10%,CDATTCHM27944,1,1,1
PROMO:TAVOLO,SALINA 140 CALACATTA ORO,Variante,PROMO:TAVOLO CM 140X90 + 1ALL50 GAMBE  METALLO BIANCHE  E PIANACALACATTA ORO,,,TECNOLEGNO TAVOLI SRL,Sconto 10%,CDATTCHM27823,1,1,1
PROMO:TAVOLO,SALINA 140 CC MELAMINICO,Variante,PROMO:TAVOLO CM 140X90 + 1ALL50 GAMBE METALLO   CON PIANA MELAMINICO ,,,TECNOLEGNO TAVOLI SRL,Sconto 10%,CDATTCHM27828,1,1,1
PROMO:TAVOLO,SALINA 140 CEM. ANTRACITE,Variante,PROMO:TAVOLO CM 140X90 + 1ALL50 GAMBE METALLO ANTRACITE E PIANA CEM.ANTRACITE,,,TECNOLEGNO TAVOLI SRL,Sconto 10%,CDATTCHM27825,1,1,1
PROMO:TAVOLO,SALINA 140 CEM.TORTORA,Variante,PROMO:TAVOLO CM 140X90 + 1ALL50 GAMBE METALLO VISONE E PIANA CEMENTO TORTORA,,,TECNOLEGNO TAVOLI SRL,Sconto 10%,CDATTCHM27821,1,1,1
PROMO:TAVOLO,SALINA 140 ROVERE,Variante,PROMO:TAVOLO CM 140X90 + 1ALL50 GAMBE ANTRACITE METALLO E PIANA ROVERE,,,TECNOLEGNO TAVOLI SRL,Sconto 10%,CDATTCHM27824,1,1,1
PROMO:TAVOLO,SALINA 140EXPO P.NERA,Variante,PROMO:TAVOLO CM 140X90 + 1ALL50 GAMBE METALLO ANTRACITE  CON PIANA MEL. PIETRA NERA ,,,TECNOLEGNO TAVOLI SRL,Sconto 10%,CDATTCHM27822,1,1,1
PROMO:,VENTO 160 CALACATTA ORO,Variante,PROMO: TAVOLO CM 160 X 90 +50+50 CON  2 APERTURE LATERALI GAMBE METALLO ANTRACITE PIANA CALACATTA ORO ,,,TECNOLEGNO TAVOLI SRL,Sconto 10%,CDATTCHM19262,1,1,1
PROMO:,VENTO 160 CC MELAMINICO ,Variante,PROMO: TAVOLO CM 160 X 90 +50+50 CON  2 APERTURE LATERALI GAMBE METALLO PIANA MELAMINICO,,,TECNOLEGNO TAVOLI SRL,Sconto 10%,CDATTCHM19263,1,1,1
PROMO:,VENTO 160 CEM. TORTORA ,Variante,PROMO: TAVOLO CM 160 X 90 +50+50 CON  2 APERTURE LATERALI GAMBE METALLO ANTRACITE PIANA CEMENTO TORTORA ,,,TECNOLEGNO TAVOLI SRL,Sconto 10%,CDATTCHM19275,1,1,1
PROMO:,VENTO 160 CEM.ANTRACITE,Variante,PROMO: TAVOLO CM 160 X 90 +50+50 CON  2 APERTURE LATERALI GAMBE METALLO ANTRACITE PIANA CEMENTO ANTRACITE,,,TECNOLEGNO TAVOLI SRL,Sconto 10%,CDATTCHM19274,1,1,1
PROMO:,VENTO 160 ROVERE ,Variante,PROMO: TAVOLO CM 160 X 90 +50+50 CON  2 APERTURE LATERALI GAMBE METALLO ANTRACITE PIANA ROVERE ,,,TECNOLEGNO TAVOLI SRL,Sconto 10%,CDATTCHM19261,1,1,1
PROMO:,VENTO 180 CALACATTA ORO,Variante,PROMO: TAVOLO CM 180 X 90 +50+50 CON  2 APERTURE LATERALI GAMBE METALLO ANTRACITE PIANA CALACATTA ORO ,,,TECNOLEGNO TAVOLI SRL,Sconto 10%,CDATTCHM19262,1,1,1
PROMO:,VENTO 180 CC MELAMINICO,Variante,PROMO: TAVOLO CM 180 X 90 +50+50 CON  2 APERTURE LATERALI GAMBE METALLO PIANA MELAMINICO,,,TECNOLEGNO TAVOLI SRL,Sconto 10%,CDATTCHM19263,1,1,1
PROMO:,VENTO 180 CEM. TORTORA,Variante,PROMO: TAVOLO CM 180 X 90 +50+50 CON  2 APERTURE LATERALI GAMBE METALLO ANTRACITE PIANA CEMENTO TORTORA ,,,TECNOLEGNO TAVOLI SRL,Sconto 10%,CDATTCHM19275,1,1,1
PROMO:,VENTO 180 CEM.ANTRACITE,Variante,PROMO: TAVOLO CM 180 X 90 +50+50 CON  2 APERTURE LATERALI GAMBE METALLO ANTRACITE PIANA CEMENTO ANTRACITE,,,TECNOLEGNO TAVOLI SRL,Sconto 10%,CDATTCHM19274,1,1,1
PROMO:,VENTO 180 EXPO ROVERE,Variante,PROMO: TAVOLO CM 180 X 90 +50+50 CON  2 APERTURE LATERALI GAMBE METALLO ANTRACITE PIANA ROVERE ,,,TECNOLEGNO TAVOLI SRL,Sconto 10%,CDATTCHM19261,1,1,1
PROMO:,BALDO ANG CC BASICO,Variante,PROMO: DIVANO 3P LETTO ESTR. + POLTRONA TERMINALE IN TESSUTO CAT. BASICO,,,MEDITA SRL ,Sconto 10%,CDATTCHM28258,1,1,1
PROMO:,BALDO ANG CC SELECTION,Variante,PROMO: DIVANO 3P LETTO ESTR. + POLTRONA TERMINALE IN TESSUTO CAT. SELECTION BEHOME ,,,MEDITA SRL ,Sconto 10%,CDATTCHM28257,1,1,1
PROMO:SALOTTO,BALDO ANG CC ANTIMACCHIA DX,Variante,PROMO:SALOTTO ANGOLARE 3P LETTO ESTR.+ANGOLO POLTRONA TERM DX - CM 281 X 233 IN TESSUTO ANTIMACCHIA  ,,,MEDITA SRL ,Sconto 10%,CDATTCHM28256,1,1,1
PROMO:,ASTRA CC SELECTION,Variante,"PROMO: DIVANO 3P LETTO + CH.LONGUE  CON SCHIENALI TRASLANTI CM 282 X 177   RIV. CAT. SELECTION CAT,BASICO",,,MEDITA SRL ,Sconto 10%,CDATTCHM1911,1,1,1
PROMO:,ASTRA EXPO DX SELECTION ,Variante,PROMO: DIVANO 3P LETTO + CH.LONGUE  DX CON SCHIENALI TRASLANTI CM 282 X 177  RIV. CAT.SELECTION QUEEN COL.8018 BEIGE,,,MEDITA SRL ,Sconto 10%,CDATTCHM1911,1,1,1
PROMO:,VELIERO EXPO DX SELECTION ,Variante,PROMO: DIVANO 3P LETTO CON CH LONGUE DX CM 269 X 167 RIV. SELECTION QUEEN COL.8033 GREY,,,MEDITA SRL ,Sconto 10%,CDATTCHM1914,1,1,1
PROMO:,VELIERO CC SELECTION  ,Variante,PROMO: DIVANO 3P LETTO CON CH LONGUE CM 269 X 167 RIV. SELECTION BASICO,,,MEDITA SRL ,Sconto 10%,CDATTCHM1915,1,1,1
PROMO:DIVANO,VESPRO EXPO DX SELECTION ,Variante,PROMO:DIVANO 3P LETTO+ ANG POLTRONA TERMINALE DX CM 271 X 222 RIV. SELECTION QUEEN COL.8038 DARK GREY ,,,MEDITA SRL ,Sconto 10%,CDATTCHM1913,1,1,1
PROMO:DIVANO,VESPRO CC SELECTION,Variante,PROMO:DIVANO 3P LETTO+ ANG POLTRONA TERMINALE CM 271 X 222 RIV. SELECTION BASICO,,,MEDITA SRL ,Sconto 10%,CDATTCHM1913,1,1,1
PROMO:,ASTRA EXPO SX  SELECTION,Variante,PROMO: DIVANO 3P LETTO + CH.LONGUE SX CON SCHIENALI TRASLANTI CM 282 X 177  RIV. CAT.SELECTION QUEEN COL.8018 BEIGE,,,MEDITA SRL ,Sconto 10%,CDATTCHM1911,1,1,1
PROMO:,VELIERO EXPO SX SELECTION,Variante,PROMO: DIVANO 3P LETTO CON CH LONGUE SX CM 269 X 167 RIV. SELECTION QUEEN COL.8033 GREY,,,MEDITA SRL ,Sconto 10%,CDATTCHM1914,1,1,1
PROMO:DIVANO,VESPRO EXPO SX SELECTION,Variante,PROMO:DIVANO 3P LETTO+ ANG POLTRONA TERMINALE SX CM 271 X 222 RIV. SELECTION SELECTION QUEEN COL.8038 DARK GREY ,,,MEDITA SRL ,Sconto 10%,CDATTCHM1913,1,1,1
PROMO:SALOTTO,BALDO ANG CC ANTIMACCHIA SX,Variante,PROMO:SALOTTO ANGOLARE SX - CM 281 X 233 CON LETTO ESTRAIBILE  IN TESSUTO ANTIMACCHIA ,,,MEDITA SRL ,Sconto 10%,CDATTCHM28255,1,1,1
PROMO:SALOTTO,BALDO ANG DX EXPO,Variante,PROMO:SALOTTO ANGOLARE 3P LETTO ESTR.+ANGOLO POLTRONA TERM DX - CM 281 X 233 IN TESSUTO ANTIMACCHIA LUNA COL. 01 AVORIO,,,MEDITA SRL ,Sconto 10%,CDATTCHM28254,1,1,1
PROMO:SALOTTO,BALDO ANG SX EXPO,Variante,PROMO:SALOTTO ANGOLARE 3P LETTO ESTR.+ANGOLO POLTRONA TERM  SX - CM 281 X 233  IN TESSUTO ANTIMACCHIA LUNA COL. 01 AVORIO,,,MEDITA SRL ,Sconto 10%,CDATTCHM28253,1,1,1
PROMO:SALOTTO,BALDO ANG AP,Variante,PROMO:SALOTTO ANGOLARE 3P LETTO ESTR.+ANGOLO POLTRONA TERM  - CM 281 X 233 IN TESSUTO SELECTION BASICO,,,MEDITA SRL ,Sconto 10%,CDATTCHM28254,1,1,1
PROMO:,ASTRA CC ANTIMACCHIA,Variante,PROMO: DIVANO 3P LETTO + CH.LONGUE  CON SCHIENALI TRASLANTI CM 282 X 177   RIV. CAT. ANTIMACCHIA ,,,MEDITA SRL ,Sconto 10%,CDATTCHM1911,1,1,1
SALOTTO,FABER PEN DX,Variante,SALOTTO CM 271X 167  /  3P LETTO ESTRAIBILE + CH.LONGUE DX  TESSUTO MAYA  13 PETROLIO ,,,MEDITA SRL ,Sconto 10%,,1,1,1
POUF,PONTIDA POUF EXPO3,Variante,"POUF RETTANGOLARE CM 90X60  CENTRO STANZA, SCOCCA IN TEKNOFIBRA COL.26 MUSCHIO, SEDUTA TEKNOFIBRA COL.03 PANNA",,,MEDITA SRL ,Sconto 10%,CDATTCHM5993,1,1,1
SALOTTO,PONTIDA ANG SX EXPO3 ,Variante,SALOTTO ANGOLARE CM 312 X 228 IN TESSUTO ANTIMACCHIA PROFILI SCOCCA TEKNOFIBRA 03 PANNA / SEDUTE E SCHIENALI TEKNOFIBRA 26 MUSCHIO. FORMATO DA: -N° 01 ELEM 3P CM 168 P104 C/BR A DX-N° 01 ELEM RETTANGOLARE CM 40 P104-N° 01 ELEM ANGOLO TERMINALE CM 228 P104 SX ,,,MEDITA SRL,Sconto 10%,CDATTCHM5931,1,1,1
SALOTTO,PONTIDA ANG DX EXPO3 ,Variante,SALOTTO ANGOLARE CM 312 X 228 IN TESSUTO ANTIMACCHIA : PROFILI SCOCCA TEKNOFIBRA 03 PANNA / SEDUTE E SCHIENALI TEKNOFIBRA 26 MUSCHIO.FORMATO DA: -N° 01 ELEM 3P CM 168 P104 C/BR A SX-N° 01 ELEM RETTANGOLARE CM 40 P104-N° 01 ELEM ANGOLO TERMINALE CM 228 P104 DX,,,MEDITA SRL,Sconto 10%,CDATTCHM5931,1,1,1
SALOTTO,PONTIDA ANG CC DX,Variante,SALOTTO ANGOLARE CM 312 X 228 IN TESSUTO ANTIMACCHIA  FORMATO DA: -N° 01 ELEM 3P CM 168 P104 C/BR A SX-N° 01 ELEM RETTANGOLARE CM 40 P104-N° 01 ELEM ANGOLO TERMINALE CM 228 P104 DX,,,MEDITA SRL,Sconto 10%,CDATTCHM5931,1,1,1
SALOTTO,PONTIDA ANG CC SX,Variante,SALOTTO ANGOLARE CM 312 X 228 IN TESSUTO ANTIMACCHIA FORMATO DA: -N° 01 ELEM 3P CM 168 P104 C/BR A DX-N° 01 ELEM RETTANGOLARE CM 40 P104-N° 01 ELEM ANGOLO TERMINALE CM 228 P104 SX ,,,MEDITA SRL,Sconto 10%,CDATTCHM5931,1,1,1
SALOTTO,PONTIDA ANG DX EXPO3 S/POUF,Variante,SALOTTO ANGOLARE CM 272 X 228 IN TESSUTO ANTIMACCHIA PROFILI SCOCCA TEKNOFIBRA 03 PANNA / SEDUTE E SCHIENALI TEKNOFIBRA 26 MUSCHIO. FORMATO DA: -N° 01 ELEM 3P CM 168 P104 C/BR A SX-N° 01 ELEM ANGOLO TERMINALE CM 228 P104 DX,,,MEDITA SRL,Sconto 10%,,1,1,1
SALOTTO,PONTIDA ANG SX EXPO3 S/POUF,Variante,SALOTTO ANGOLARE CM 272 X 228 IN TESSUTO ANTIMACCHIA PROFILI SCOCCA TEKNOFIBRA 03 PANNA / SEDUTE E SCHIENALI TEKNOFIBRA 26 MUSCHIO.  FORMATO DA: -N° 01 ELEM 3P CM 168 P104 C/BR A DX-N° 01 ELEM ANGOLO TERMINALE CM 228 P104 SX ,,,MEDITA SRL,Sconto 10%,,1,1,1
SALOTTO,PONTIDA ANG CC DX S/POUF,Variante,SALOTTO ANGOLARE CM 272 X 228 IN TESSUTO ANTIMACCHIA  FORMATO DA: -N° 01 ELEM 3P CM 168 P104 C/BR A SX-N° 01 ELEM ANGOLO TERMINALE CM 228 P104 DX,,,MEDITA SRL,Sconto 10%,,1,1,1
SALOTTO,PONTIDA ANG CC SX S/POUF,Variante,SALOTTO ANGOLARE CM 272 X 228 IN TESSUTO ANTIMACCHIA FORMATO DA: -N° 01 ELEM 3P CM 168 P104 C/BR A DX-N° 01 ELEM ANGOLO TERMINALE CM 228 P104 SX ,,,MEDITA SRL,Sconto 10%,,1,1,1
PROMO:,ORNELLA 3PR EXPO,Variante,PROMO: DIVANO 3P C/2 RELAX ELETTRICI CM 202 IN TESSUTO ANTIMACCHIA TEKNOFIBRA 08,,,MEDITA SRL,Sconto 10%,,1,1,1
PROMO:DIVANO,ORNELLA 2P EXPO,Variante,PROMO:DIVANO 2P CM 160 IN TESSUTO ANTIMACCHIA TEKNOFIBRA 08,,,MEDITA SRL,Sconto 10%,,1,1,1
PROMO:,ORNELLA 3PR EXPO CC,Variante,PROMO: DIVANO 3P C/2 RELAX ELETTRICI CM 202 IN TESSUTO ANTIMACCHIA ,,,MEDITA SRL,Sconto 10%,,1,1,1
PROMO:DIVANO,ORNELLA 2P EXPO CC,Variante,PROMO:DIVANO 2P CM 160 IN TESSUTO ANTIMACCHIA ,,,MEDITA SRL,Sconto 10%,,1,1,1
BATTERIA OPTION PER RELAX ELETTRICO,BATTERIA X RELAX,Variante,BATTERIA OPTION PER RELAX ELETTRICO ,,,SOFANGEL SRL,Sconto 10%,,1,1,1
MAGGIORAZIONE PER INSERIMENTO RELAX ELETTRICO LATERALE,RELAX ELETTRICO ,Variante,MAGGIORAZIONE PER INSERIMENTO RELAX ELETTRICO LATERALE ,,,SOFANGEL SRL,Sconto 10%,,1,1,1
PROMO:DIVANO 3P LAT. SX + ANGOLO POLTRONA PENISOLA DX CM C PIEDE STANDARD RIV. SELECTION ELEGANT WAVE,MAREA DX EXPO,Variante,PROMO:DIVANO 3P LAT. SX + ANGOLO POLTRONA PENISOLA DX CM 297 C 230 PIEDE STANDARD RIV. SELECTION ELEGANT WAVE 000/20,,,SOFANGEL SRL,Sconto 10%,,1,1,1
PROMO:DIVANO 3P LAT. DX + ANGOLO POLTRONA PENISOLA SX CM C PIEDE STANDARD RIV. SELECTION ELEGANT WAVE,MAREA SX EXPO,Variante,PROMO:DIVANO 3P LAT. DX + ANGOLO POLTRONA PENISOLA SX CM 297 C 230 PIEDE STANDARD RIV. SELECTION ELEGANT WAVE 000/20,,,SOFANGEL SRL,Sconto 10%,,1,1,1
PROMO:DIVANO 3P LAT. + ANGOLO POLTRONA PENISOLA CM C PIEDE STANDARD RIV. SELECTION ELEGANT,MAREA CC,Variante,PROMO:DIVANO 3P LAT.   + ANGOLO POLTRONA PENISOLA   CM 297 C 230 PIEDE STANDARD RIV. SELECTION ELEGANT  ,,,SOFANGEL SRL,Sconto 10%,,1,1,1
PROMO:DIVANO 3P RELAX ELETR.+ ANG POL PEN DX CM RIV. WEVA PIEDE STANDARD,BOREALE EXPO,Variante,PROMO:DIVANO 3P   1 RELAX ELETR.+ ANG POL PEN DX CM 290X230 RIV. WEVA 000/26 PIEDE STANDARD,,,SOFANGEL SRL,Sconto 10%,,1,1,1
PROMO:DIVANO 3P / RELAX ELETR.+ ANG POL PEN DX CM,BOREALE EXPO CC,Variante,PROMO:DIVANO 3P / 1 RELAX ELETR.+ ANG POL PEN DX CM 290X230 ,,,SOFANGEL SRL,Sconto 10%,,1,1,1
PROMO SALOTTO 2P MAXI 1BR CM + ANGOLO PENISOLA CM CON SCHIENALI TRASLANTI/ PIEDI H17 METALLO VERNICIATO RIVESTIMENTO TESSUTO SELECTION ELEGANT,SATURNO EXPO CC,Variante,PROMO SALOTTO 2P MAXI 1BR CM 176 + ANGOLO PENISOLA CM 130X200 CON SCHIENALI TRASLANTI/ PIEDI H17 METALLO VERNICIATO RIVESTIMENTO TESSUTO SELECTION ELEGANT,,,SOFANGEL SRL,Sconto 10%,,1,1,1
PROMO: DIVANO 3P CM RIVESTIMENTO BRIDGE BOTTLE PIEDE STANDARD,LAGUNA 3P EXPO,Variante,PROMO: DIVANO 3P CM 234 RIVESTIMENTO BRIDGE BOTTLE PIEDE STANDARD,,,SOFANGEL SRL,Sconto 10%,,1,1,1
PROMO: DIVANO 3P CM RIVESTIMENTO SELECTION ELEGANT PIEDE STANDARD,LAGUNA 3P CC,Variante,PROMO: DIVANO 3P CM 234 RIVESTIMENTO SELECTION ELEGANT PIEDE STANDARD,,,SOFANGEL SRL,Sconto 10%,,1,1,1
PROMO:DIVANO 2P MAX LAT DX RELAX ELETTRICO + ANG.POLTRONA PENISOLA SX CM X RIVESTIMENTO SELECTION ELEGANT OFRIDE (BATTERIA ESCLUSA),ERMETE  SX EXPO,Variante,PROMO:DIVANO 2P MAX LAT DX 1 RELAX ELETTRICO + ANG.POLTRONA PENISOLA SX CM 273 X 202 RIVESTIMENTO  SELECTION ELEGANT OFRIDE 909 (BATTERIA ESCLUSA),,,SOFANGEL SRL,Sconto 10%,,1,1,1
PROMO:DIVANO 2P MAX LAT SX RELAX ELETTRICO + ANG.POLTRONA PENISOLA DX CM X RIVESTIMENTO SELECTION ELEGANT OFRIDE (BATTERIA ESCLUSA),ERMETE  DX EXPO ,Variante,PROMO:DIVANO 2P MAX LAT SX 1 RELAX ELETTRICO + ANG.POLTRONA PENISOLA DX CM 273 X 202 RIVESTIMENTO  SELECTION ELEGANT OFRIDE 909 (BATTERIA ESCLUSA),,,SOFANGEL SRL,Sconto 10%,,1,1,1
PROMO:DIVANO 2P MAX LAT FISSO + ANG.POLTRONA PENISOLA CM X RIVESTIMENTO SELECTION ELEGANT OFRIDE,ERMETE EXPO FISSO,Variante,PROMO:DIVANO 2P MAX LAT FISSO  + ANG.POLTRONA PENISOLA CM 273 X 202 RIVESTIMENTO  SELECTION ELEGANT OFRIDE 909 ,,,SOFANGEL SRL,Sconto 10%,,1,1,1
PROMO:DIVANO 2P MAX LAT FISSO + ANG.POLTRONA PENISOLA CM X RIVESTIMENTO SELECTION ELEGANT,ERMETE EXPO CC FISSO,Variante,PROMO:DIVANO 2P MAX LAT FISSO  + ANG.POLTRONA PENISOLA CM 273 X 202 RIVESTIMENTO  SELECTION ELEGANT ,,,SOFANGEL SRL,Sconto 10%,,1,1,1
PROMO:DIVANO 2P MAX LAT RELAX ELETTRICO + ANG.POLTRONA PENISOLA CM X RIVESTIMENTO SELECTION ELEGANT (batteria esclusa),ERMETE EXPO CC,Variante,PROMO:DIVANO 2P MAX LAT  1 RELAX ELETTRICO + ANG.POLTRONA PENISOLA  CM 273 X 202 RIVESTIMENTO  SELECTION ELEGANT (batteria esclusa),,,SOFANGEL SRL,Sconto 10%,,1,1,1
PROMO SALOTTO 2P MAXI 1BR CM + ANGOLO PENISOLA CM CON SCHIENALI TRASLANTI/ PIEDI H17 METALLO VERNICIATO RIVESTIMENTO TESSUTO SELECTION ELEGANT BRIDGE ANTIMACCHIA : BASE E CUCITURA SCHIENALE COL.TABAC / SEDUTE COL. PEARL,SATURNO EXPO,Variante,PROMO SALOTTO 2P MAXI 1BR CM 176 + ANGOLO PENISOLA CM 130X200 CON SCHIENALI TRASLANTI/ PIEDI H17 METALLO VERNICIATO RIVESTIMENTO TESSUTO SELECTION ELEGANT BRIDGE ANTIMACCHIA : BASE E CUCITURA SCHIENALE COL.TABAC / SEDUTE COL. PEARL ,,,SOFANGEL SRL,Sconto 10%,,1,1,1
"PROMO: ARMADIO 2A SCORREVOLI L. , - H. - P. , MB 1A CON FASCIA SPECCHIO ORIZZONTALE E UNA CON FASCIA SPECCHIO VERTICALESTRUTTURA NOBILITATO E FRONTALI LAZZATI NB LA FASCIA VERTICALE PICCOLA DISPONIBILE SOLO NEI COLORI NOBILITATI, NON PUO' ESSERE REALIZZATA IN NESSUNO DEI COLORI LACCATI -INCLUSO DI KIT AMMORTIZZATORI",MIRROR EXPO CC,Variante,"PROMO: ARMADIO 2A SCORREVOLI L. 273,2 - H. 246 - P. 66,4 MB 1A CON FASCIA SPECCHIO ORIZZONTALE E UNA CON FASCIA SPECCHIO VERTICALESTRUTTURA NOBILITATO E FRONTALI LAZZATI  NB LA FASCIA VERTICALE PICCOLA DISPONIBILE SOLO NEI COLORI NOBILITATI, NON PUO' ESSERE REALIZZATA IN NESSUNO DEI COLORI LACCATI -INCLUSO DI KIT  AMMORTIZZATORI ",,,SPARARREDA SRL,Sconto 10%,,1,1,1
MAGGIORAZIONE PER RETE DOGHE,RETE 160X195,Variante,MAGGIORAZIONE PER RETE 160X195 DOGHE ,,,SPARARREDA SRL,Sconto 10%,,1,1,1
SPECCHIERA ROTONDA DIAM.,SPECCHIO VINCI ,Variante,SPECCHIERA ROTONDA DIAM. 90,,,SPARARREDA SRL,Sconto 10%,,1,1,1
PROMO: SPECCHIERA RETTANGOLARE CON PARTICOLERA NOCE COGNAC,SPECCHIERA SPLENDOR EXPO,Variante,PROMO: SPECCHIERA RETTANGOLARE CON PARTICOLERA NOCE COGNAC,,,SPARARREDA SRL,Sconto 10%,,1,1,1
PROMO:PARETE CM P57 H187. - BASE TUTTA NOCE COGNAC / PENSILI STR.NOCE COGNAC CON FRONTALI SPATOLATO SCURO,DAKOTA EXPO,Variante,PROMO:PARETE CM 315 P57 H187.5 - BASE TUTTA NOCE COGNAC / PENSILI STR.NOCE COGNAC CON FRONTALI SPATOLATO SCURO ,,,SPARARREDA SRL,Sconto 10%,,1,1,1
PROMO:PARETE CM P57 H187.,DAKOTA CC,Variante,PROMO:PARETE CM 315 P57 H187.5,,,SPARARREDA SRL,Sconto 10%,,1,1,1
PROMO: PARETE CM,CANADA AP CC,Variante,PROMO:  PARETE CM 244,,,SPARARREDA SRL,Sconto 10%,,1,1,1
PROMO:PARETE CM H195,INTAGLIO CC,Variante,PROMO:PARETE CM 300 H195,,,SPARARREDA SRL,Sconto 10%,,1,1,1
"PROMO:PARETE CM STRUTTURA NOCE COGNAC, FRONTALI SPATOLATO CHIARO",CANADA AP,Variante,"PROMO:PARETE CM 244  STRUTTURA NOCE COGNAC, FRONTALI SPATOLATO CHIARO ",,,SPARARREDA SRL,Sconto 10%,,1,1,1
PROMO:PARETE CM,CANADA CC,Variante,PROMO:PARETE CM 315 ,,,SPARARREDA SRL,Sconto 10%,,1,1,1
"PROMO:PARETE CM STRUTTURA NOCE COGNAC, FRONTALI SPATOLATO CHIARO, VTR BRONZO",CANADA EXPO,Variante,"PROMO:PARETE CM 315 STRUTTURA NOCE COGNAC, FRONTALI SPATOLATO CHIARO, VTR BRONZO",,,SPARARREDA SRL,Sconto 10%,,1,1,1
BARRE LED PER RIPIANO VETRO L41,LEDGIORNO1PE28BB,Variante,BARRE LED PER RIPIANO VETRO L41 ,,,SPARARREDA SRL,Sconto 10%,,1,1,1
ALIMENTATORE CON INTERRUTTORE WIRELES,ASPALI1PE28AK,Variante,ALIMENTATORE CON INTERRUTTORE WIRELES,,,SPARARREDA SRL,Sconto 10%,,1,1,1
PROMO: PARETE NOBILITATO OCON TOMET INSERTO VETRO,MICHIGAN CC,Variante,PROMO: PARETE NOBILITATO OCON TOMET INSERTO VETRO ,,,SPARARREDA SRL,Sconto 10%,,1,1,1
PROMO: PARETE PORTA TV CON BASE E VETRINA SOSPESABASE LACCATA E VETRINA NOBILITATO,MAINE CC,Variante,PROMO: PARETE PORTA TV CON BASE E VETRINA SOSPESABASE LACCATA E VETRINA  NOBILITATO ,,,SPARARREDA SRL,Sconto 10%,,1,1,1
PROMO: PARETE CM345 H200 FORMATA DA:-N° TOTEL CM H185 C/INS.VETRO TUTTO CRETA SPATOLATO-N° MENSOLONE CM SP.. NOCE BROWN-M° BASI A TERRA DA CM CAD. CRETA SPATOLATO -N° PENSILE CM 120H30 CRETA SPATOLATON° PENSILE CM CRETA SPATOLATON° PENSILE ZETA NOCE BROWN,MICHIGAN EXPO,Variante,PROMO: PARETE  CM345 H200 FORMATA DA:-N° 01 TOTEL CM 60 H185 C/INS.VETRO TUTTO CRETA SPATOLATO-N° 01 MENSOLONE CM 180  SP.5.8 NOCE BROWN-M°02 BASI A TERRA DA CM 120 CAD. CRETA SPATOLATO -N° 01 PENSILE CM 120H30 CRETA SPATOLATON° 01 PENSILE CM 60X60 CRETA SPATOLATON° 01 PENSILE ZETA NOCE BROWN,,,SPARARREDA SRL,Sconto 10%,,1,1,1
PROMO: PARETE PORTA TV CON BASE E VETRINA SOSPESABASE LACCATA LONDRA COD.4R MAN CHAMPAGNE E VETRINA STRUTTURA MEL.SPATOLATO CHIARO E FRONTALI VETRO FUME' TELAIO ANTRACITE -RIP.VETRO,MAINE EXPO,Variante,PROMO: PARETE PORTA TV CON BASE E VETRINA SOSPESABASE LACCATA GRIGIO LONDRA COD.4R MAN CHAMPAGNE  E VETRINA  STRUTTURA MEL.SPATOLATO CHIARO E FRONTALI VETRO FUME' TELAIO ANTRACITE -RIP.VETRO ,,,SPARARREDA SRL,Sconto 10%,,1,1,1
CASSETTIERA INTERNA 3CASS L88 X ELEMENTO 1A CM90,ASP CAS3C AP,Variante,CASSETTIERA INTERNA 3CASS  L88 X ELEMENTO 1A CM90,,,SPARARREDA SRL,Sconto 10%,,1,1,1
KIT ACCESSORI PER ARMADIO SCORREVOLE FORMATO DA:- N° CASSETTIERA PLUS 3CASS H54- N° DIVISORIO H90 - N° RIPIANI CM .,ASP KITCAS,Variante,KIT ACCESSORI PER ARMADIO SCORREVOLE FORMATO DA:- N° 01 CASSETTIERA PLUS 3CASS H54- N° 01 DIVISORIO H90 - N° 02 RIPIANI CM 43.2,,,SPARARREDA SRL,Sconto 10%,,1,1,1
N° LAMPADE LED CON SENSORE L,ASP KITLED2A,Variante,N° 02 LAMPADE  LED CON SENSORE L 82 ,,,SPARARREDA SRL,Sconto 10%,,1,1,1
N° LAMPADE LED CON SENSORE CM X ARMADIO,ASP KITLED3A,Variante,N° 03 LAMPADE LED CON SENSORE CM 82  X ARMADIO  ,,,SPARARREDA SRL,Sconto 10%,,1,1,1
CASSETTIERA INTERNA 3CASS PLUS L88 X ELEMENTO 1A CM90,ASP CAS3C,Variante,CASSETTIERA INTERNA 3CASS PLUS L88 X ELEMENTO 1A CM90,,,SPARARREDA SRL,Sconto 10%,,1,1,1
"PROMO: GRUPPO NOTTE TUTTO SPATOLATO CHIARO CON PIANI SPATOLATO SCURO , FORMATO DA:N° COMON° COMODINI",DEREK GRU EXPO1,Variante,"PROMO: GRUPPO NOTTE TUTTO SPATOLATO CHIARO CON PIANI SPATOLATO SCURO , FORMATO DA:N° 01 COMON° 02 COMODINI",,,SPARARREDA SRL,Sconto 10%,,1,1,1
"PROMO: GRUPPO NOTTE TUTTO SPATOLATO CHIARO CON PIANI NOCE COGNAC , FORMATO DA:N° COMON° COMODINI",DEREK GRU EXPO2,Variante,"PROMO: GRUPPO NOTTE TUTTO SPATOLATO CHIARO CON PIANI NOCE COGNAC , FORMATO DA:N° 01 COMON° 02 COMODINI",,,SPARARREDA SRL,Sconto 10%,,1,1,1
PROMO: GRUPPO NOTTE FORMATO DA:N° COMON° COMODINI,DEREK GRU CC,Variante,PROMO: GRUPPO NOTTE  FORMATO DA:N° 01 COMON° 02 COMODINI,,,SPARARREDA SRL,Sconto 10%,,1,1,1
PROMO: GRUPPO COMO + COMODINI TUTTO SPATOLATO CHIARO CON PIEDI METALLO ANTRACITE - INSERTO MANIGLIA LEGNO NOCE BROWN CANNETTATO,CRETA GRUPPO EXPO,Variante,PROMO: GRUPPO COMO + 2 COMODINI TUTTO SPATOLATO CHIARO CON PIEDI METALLO ANTRACITE  - INSERTO MANIGLIA LEGNO NOCE BROWN CANNETTATO,,,SPARARREDA SRL,Sconto 10%,,1,1,1
"PROMO: GRUPPO CASS INF.NOCE COGNAC, CASS SUPERIORI OLMO SBIANCATO E FRONT. SETA FORMATO DA:-ELEM. 1C H25 -ELEM. 1C H25-ELEM 2C H25-ELEM 2C H25-ELEM 1C H25-TOP -TOP -TOP -TOP -TOP",SCALA EXPO,Variante,"PROMO: GRUPPO CASS INF.NOCE COGNAC, CASS SUPERIORI OLMO SBIANCATO E FRONT.GRIGIO SETA FORMATO DA:-ELEM.60 1C H25 -ELEM.120 1C H25-ELEM 120 2C H25-ELEM 180 2C H25-ELEM 60 1C H25-TOP 60-TOP 120-TOP  180-TOP 60-TOP 120",,,SPARARREDA SRL,Sconto 10%,,1,1,1
PROMO: GRUPPO FORMATO DA:-ELEM. 1C H25 -ELEM. 1C H25-ELEM 2C H25-ELEM 2C H25-ELEM 1C H25-TOP -TOP -TOP -TOP -TOP,SCALA CC,Variante,PROMO: GRUPPO FORMATO DA:-ELEM.60 1C H25 -ELEM.120 1C H25-ELEM 120 2C H25-ELEM 180 2C H25-ELEM 60 1C H25-TOP 60-TOP 120-TOP  180-TOP 60-TOP 120,,,SPARARREDA SRL,Sconto 10%,,1,1,1
"PROMO:GRUPPO TUTTO SPATOLATO CHIARO CON PARTICOLARI E PIANO SPATOLATO SCURO, FORMATO DA:N° COMON° COMODINI",VINCI EXPO,Variante,"PROMO:GRUPPO TUTTO SPATOLATO CHIARO CON PARTICOLARI E  PIANO SPATOLATO SCURO, FORMATO DA:N° 01 COMON° 02 COMODINI",,,SPARARREDA SRL,Sconto 10%,,1,1,1
PROMO:GRUPPO NOTTE FORMATO DA:N° COMON° COMODINI,VINCI CC,Variante,PROMO:GRUPPO NOTTE FORMATO DA:N° 01 COMON° 02 COMODINI,,,SPARARREDA SRL,Sconto 10%,,1,1,1
"PROMO: GRUPPO COMO + COMODINI, C/SPECCHIO SU FRONTALE CASSETTI , TOP SPECCHIO ' E PIEDI ANTRACITE",VINCI VETRO CC,Variante,"PROMO: GRUPPO COMO + 2 COMODINI, C/SPECCHIO  SU FRONTALE CASSETTI , TOP SPECCHIO ' E PIEDI ANTRACITE ",,,SPARARREDA SRL,Sconto 10%,,1,1,1
"PROMO: GRUPPO COMO + COMODINI STRUTTURA NOB. PIEDI E MANIGLIE METALLO, CASEETTO ALTO E TOP SPECCHIO",ELLIOT CC,Variante,"PROMO: GRUPPO COMO + 2 COMODINI  STRUTTURA NOB. PIEDI E MANIGLIE METALLO,  CASEETTO ALTO E TOP SPECCHIO",,,SPARARREDA SRL,Sconto 10%,,1,1,1
"PROMO: COMO SFALSATO FORMATO DA ELEM DA CM + ELEM,DA E COMODINI CASS CM SOSPESI PER PANNELLO LATERALE LETTO",SPLENDOR SOSPESO CC,Variante,"PROMO: COMO SFALSATO FORMATO DA 2 ELEM DA CM 150+ 1 ELEM,DA 120 E 2 COMODINI 1 CASS CM 60 SOSPESI PER PANNELLO LATERALE LETTO ",,,SPARARREDA SRL,Sconto 10%,,1,1,1
"PROMO: COMO SFALSATO FORMATO DA:- N° ELEM DA CM A TERRA LACC. COMODORO- N° ELEM DA CM CENTRALE NPCE COGNAC- N° ELEM,DA LACC. COIMODORO - N° COMODINI CASS LACCATO COMODORO / CM SOSPESI PER PANNELLO LATERALE LETTO",SPLENDOR SOSPESO EXPO,Variante,"PROMO: COMO SFALSATO FORMATO DA:- N° 1  ELEM DA CM 150 A TERRA LACC. VERDE COMODORO- N° 1  ELEM DA CM 150 CENTRALE NPCE COGNAC- N° 1  ELEM,DA 120  LACC. VERDE COIMODORO - N° 2  COMODINI 1 CASS LACCATO VERDE COMODORO / CM 60 SOSPESI PER PANNELLO LATERALE LETTO ",,,SPARARREDA SRL,Sconto 10%,,1,1,1
PROMO: GRUPPO COMO + COMODINI STRUTTURA SPATOLATO CRETA PIEDI E MANIGLIE CHAMPAGNE /FRONTALI CASSETTI NOCE BROWN / CASSETTO ALTO E TOP SPECCHIO BRONZO,ELLIOT EXPO,Variante,PROMO: GRUPPO COMO + 2 COMODINI  STRUTTURA SPATOLATO CRETA PIEDI E MANIGLIE CHAMPAGNE /FRONTALI CASSETTI NOCE BROWN / CASSETTO ALTO E TOP SPECCHIO BRONZO ,,,SPARARREDA SRL,Sconto 10%,,1,1,1
PROMO: GRUPPO ELEMENTI SOVRAPPONIBILE TUTTO SPATOLATO FORMATO DA: COMO SFALSATO (3moduli da cm ) COMODINO 2CASS ( moduli cm sfalsati) COMODINO 1C SOSPESO ( modulo am ),SPARACO SPATOLATO,Variante,PROMO: GRUPPO  ELEMENTI SOVRAPPONIBILE TUTTO SPATOLATO FORMATO DA:1 COMO SFALSATO (3moduli da cm 120)1 COMODINO 2CASS (2 moduli cm 60 sfalsati)1 COMODINO 1C SOSPESO (1 modulo am 60),,,SPARARREDA SRL,Sconto 10%,,1,1,1
"PROMO: GRUPPO ANGOLARE, CASS.INF. LAVAGNA, CASS. SUP SP.CHIARO FORMATO DA:-ELEM. 1C H25 -ELEM. 1C H25-ELEM 2C H25-ELEM 2C H25-ELEM 1C H25-TOP -TOP -TOP -TOP -TOP",SCALA EXPO3,Variante,"PROMO: GRUPPO ANGOLARE, CASS.INF. LAVAGNA, CASS. SUP SP.CHIARO  FORMATO DA:-ELEM.60 1C H25 -ELEM.120 1C H25-ELEM 120 2C H25-ELEM 180 2C H25-ELEM 60 1C H25-TOP 60-TOP 120-TOP  180-TOP 60-TOP 120",,,SPARARREDA SRL,Sconto 10%,,1,1,1
PROMO:GRUPPO FORMATO DA :-ELEM 1C H25 OLMO SBIANCATO-ELEM 1C H25 OLMO SBIANCATO-ELEM. 1C H25 NOCE COGNAC-ELEM 2C H25 NOCE COGNAC-ELEM 2C H25 OLMO SBIANCATO-ELEM 2C H25 NOCE COGNAC -TOP OLMO SBIANCATO-TOP OLMO SBIANCATO-TOP NOCE COGNAC-TOP NOCE COGNAC-TOP OLMO SBIANCATO-TOP NOCE COGNAC,SPLENDOR EXPO,Variante,PROMO:GRUPPO FORMATO DA :-ELEM 45 1C H25 OLMO SBIANCATO-ELEM 60 1C H25 OLMO SBIANCATO-ELEM.90 1C H25 NOCE COGNAC-ELEM 120 2C H25 NOCE COGNAC-ELEM 150 2C H25 OLMO SBIANCATO-ELEM 150 2C H25 NOCE COGNAC -TOP 45 OLMO SBIANCATO-TOP 60 OLMO SBIANCATO-TOP 90 NOCE COGNAC-TOP 120 NOCE COGNAC-TOP 150 OLMO SBIANCATO-TOP 150 NOCE COGNAC,,,SPARARREDA SRL,Sconto 10%,,1,1,1
PROMO:GRUPPO FORMATO DA :-ELEM 1C H25 -ELEM 1C H25 -ELEM. 1C H25 -ELEM 2C H25 -ELEM 2C H25 -ELEM 2C H25 -TOP -TOP -TOP -TOP -TOP -TOP,SPLENDOR CC,Variante,PROMO:GRUPPO FORMATO DA :-ELEM 45 1C H25  -ELEM 60 1C H25  -ELEM.90 1C H25 -ELEM 120 2C H25 -ELEM 150 2C H25 -ELEM 150 2C H25  -TOP 45  -TOP 60  -TOP 90 -TOP 120 -TOP 150  -TOP 150  ,,,SPARARREDA SRL,Sconto 10%,,1,1,1
"PROMO: GRUPPO COMO + COMODINI, TUTTO LAVAGNA CON PROF. E MANIGLIE ANTRACITE , SPECCHIO FUME' SU FRONTALE CASSETTI , TOP SPECCHIO FUME' E PIEDI ANTRACITE",VINCI VETRO,Variante,"PROMO: GRUPPO COMO + 2 COMODINI, TUTTO LAVAGNA CON PROF. E MANIGLIE ANTRACITE , SPECCHIO FUME' SU FRONTALE CASSETTI , TOP SPECCHIO FUME' E PIEDI ANTRACITE ",,,SPARARREDA SRL,Sconto 10%,,1,1,1
"PROMO: GRUPPO ANGOLARE, CASS.INF NOCE COGNAC, CASS. SUP SP.CHIARO FORMATO DA:-ELEM. 1C H25 -ELEM. 1C H25-ELEM 2C H25-ELEM 2C H25-ELEM 1C H25-TOP -TOP -TOP -TOP -TOP",SCALA EXPO2,Variante,"PROMO: GRUPPO ANGOLARE, CASS.INF NOCE COGNAC, CASS. SUP SP.CHIARO FORMATO DA:-ELEM.60 1C H25 -ELEM.120 1C H25-ELEM 120 2C H25-ELEM 180 2C H25-ELEM 60 1C H25-TOP 60-TOP 120-TOP  180-TOP 60-TOP 120",,,SPARARREDA SRL,Sconto 10%,,1,1,1
"PROMO:GRUPPO TUTTO SPATOLATO CHIARO CON PARTICOLARI E PIANO NOCE COGNAC, FORMATO DA:N° COMON° COMODINI",VINCI EXPOG,Variante,"PROMO:GRUPPO TUTTO SPATOLATO CHIARO CON PARTICOLARI E  PIANO NOCE COGNAC, FORMATO DA:N° 01 COMON° 02 COMODINI",,,SPARARREDA SRL,Sconto 10%,,1,1,1
PROMO:GRUPPO TUTTO LAVAGNA CON INSERTO TOP NOCE COGNAC FORMATO DA: COMO CM P522 COMODINI CM P44,DEREK GRU EXPO3,Variante,PROMO:GRUPPO TUTTO LAVAGNA CON INSERTO TOP NOCE COGNAC FORMATO DA:1 COMO CM 126 P522 COMODINI CM 55 P44,,,SPARARREDA SRL,Sconto 10%,,1,1,1
PROMO: GRUPPO ELEMENTI SOVRAPPONIBILE IN LAVAGNA E SPATOLATO FORMATO DA: COMO SFALSATO (3moduli da cm ) COMODINO 2CASS ( moduli cm sfalsati) COMODINO 1C SOSPESO ( modulo am ),SPARACO EXPO,Variante,PROMO: GRUPPO  ELEMENTI SOVRAPPONIBILE IN LAVAGNA E SPATOLATO FORMATO DA:1 COMO SFALSATO (3moduli da cm 120)1 COMODINO 2CASS (2 moduli cm 60 sfalsati)1 COMODINO 1C SOSPESO (1 modulo am 60),,,SPARARREDA SRL,Sconto 10%,,1,1,1
"PROMO: GRUPPO FORMATO DA:-COMO SFALSATO (3ELEM, )-COMODINO 2CASS SFALSATI ( ELEM. )-COMODINO 1CAS SOSPESO ( ELEM DA )",SPARACO CC,Variante,"PROMO: GRUPPO FORMATO DA:-COMO SFALSATO (3ELEM, 120)-COMODINO 2CASS SFALSATI (2 ELEM. 60)-COMODINO 1CAS SOSPESO  (1 ELEM DA 60)",,,SPARARREDA SRL,Sconto 10%,,1,1,1
"PROMO: LETTO MATRIMONIALE L180 P217 H113 ( PER RETE ESCLUSA) PIEDE DSK CON LED SULLA TESTATA + PANNELLI LATERALI CM H66, - TUTTO NECE COGNAC E TESSUTO CINIGLIA STO39",GLASS LETTO EXPO,Variante,"PROMO: LETTO MATRIMONIALE L180 P217 H113  ( PER RETE 160X195 ESCLUSA) PIEDE DSK CON LED SULLA TESTATA +     2 PANNELLI LATERALI CM 70 H66,5 - TUTTO NECE COGNAC E TESSUTO CINIGLIA STO39",,,SPARARREDA SRL,Sconto 10%,,1,1,1
"PROMO: LETTO MATRIMONIALE L180 P217 H113 ( PER RETE ESCLUSA) PIEDE DSK CON LED SULLA TESTATA + PANNELLI LATERALI CM H66,",GLASS LETTO CC,Variante,"PROMO: LETTO MATRIMONIALE L180 P217 H113  ( PER RETE 160X195 ESCLUSA) PIEDE DSK CON LED SULLA TESTATA +     2 PANNELLI LATERALI CM 70 H66,5",,,SPARARREDA SRL,Sconto 10%,,1,1,1
"PROMO: ARMADIO 2A SCORR L. , - H. - P. , CON INSERTO FASCIA LEGNO CANNETTATO NOCE BROWN E SPECCHIO FUME' - TUTTO SPATOLATO CHIARO CON PROFILO MANIGLIA ANTRACITE - AMMORTIZZATORI INCLUSI",CRETA ARMADIO EXPO,Variante,"PROMO: ARMADIO 2A SCORR L. 273,2 - H. 246 - P. 66,4 CON INSERTO FASCIA LEGNO CANNETTATO NOCE BROWN E SPECCHIO FUME'  - TUTTO SPATOLATO CHIARO CON PROFILO MANIGLIA ANTRACITE  - AMMORTIZZATORI INCLUSI ",,,SPARARREDA SRL,Sconto 10%,,1,1,1
"PROMO: ARMADIO 2A SCORREVOLI L. , - H. - P. , MB 1A CON FASCIA SPECCHIO ORIZZONTALE E UNA CON FASCIA SPECCHIO VERTICALESTRUTTURA NOBILITATO NOCE COGNAC E FRONTALI LACCATI COMODORO CON FASCIA VERTICALE STRETTA NOCE COGNAC (NB LA FASCIA VERTICALE PICCOLA NON PUO' ESSERE REALIZZATA IN NESSUN COLORE LACCATO) INCLUSO DI KIT AMMORTIZZATORI",MIRROR EXPO ,Variante,"PROMO: ARMADIO 2A SCORREVOLI L. 273,2 - H. 246 - P. 66,4 MB 1A CON FASCIA SPECCHIO ORIZZONTALE E UNA CON FASCIA SPECCHIO VERTICALESTRUTTURA NOBILITATO NOCE COGNAC E FRONTALI LACCATI VERDE COMODORO  CON FASCIA VERTICALE STRETTA NOCE COGNAC  (NB LA FASCIA VERTICALE PICCOLA NON PUO' ESSERE REALIZZATA IN NESSUN COLORE LACCATO) INCLUSO DI KIT  AMMORTIZZATORI ",,,SPARARREDA SRL,Sconto 10%,,1,1,1
"PROMO:ARMADIO 2ANTE SCORR L273 P66. H246 AMMORTIZZATO, STRUTTURA OLMO SBIANCATO , FRONTALI SETA, MAN.OLMO SBIANCATO, VETRO BRONZO",TRAPEZIO EXPO,Variante,"PROMO:ARMADIO 2ANTE SCORR L273 P66.3 H246 AMMORTIZZATO, STRUTTURA OLMO SBIANCATO , FRONTALI GRIGIO SETA, MAN.OLMO SBIANCATO, VETRO BRONZO",,,SPARARREDA SRL,Sconto 10%,,1,1,1
PROMO:ARMADIO 2ANTE SCORR L273 P66. H246 AMMORTIZZATO - fascia,TRAPEZIO CC,Variante,PROMO:ARMADIO 2ANTE SCORR L273 P66.3 H246 AMMORTIZZATO -  fascia 1,,,SPARARREDA SRL,Sconto 10%,,1,1,1
"PROMO: ARMADIO 2A SCORREVOLI L , - H. - P. , STRUTTURA NOBILITATO / FRONTALI NOBILITATO CON INSERTO SPECCHIO - INCLUSO DI KIT AMMORTIZZATORI",GLASS ARM NOB CC,Variante,"PROMO: ARMADIO 2A SCORREVOLI L 273,2 - H. 246 - P. 66,4 STRUTTURA NOBILITATO / FRONTALI NOBILITATO CON INSERTO SPECCHIO - INCLUSO DI KIT  AMMORTIZZATORI ",,,SPARARREDA SRL,Sconto 10%,,1,1,1
"PROMO: ARMADIO 2A SCORREVOLI L , - H. - P. , STRUTTURA NOBILITATO / FRONTALI LACCATI CON INSERTO SPECCHIO - INCLUSO DI KIT AMMORTIZZATORI",GLASS ARM  NOB LAC CC ,Variante,"PROMO: ARMADIO 2A SCORREVOLI L 273,2 - H. 246 - P. 66,4 STRUTTURA NOBILITATO / FRONTALI LACCATI CON INSERTO SPECCHIO - INCLUSO DI KIT  AMMORTIZZATORI ",,,SPARARREDA SRL,Sconto 10%,,1,1,1
"PROMO: ARMADIO 2A SCORREVOLI L. , - H. - P. , MB 1A CON FASCIA SPECCHIO ORIZZONTALE E UNA CON FASCIA SPECCHIO VERTICALESTRUTTURA E FRONTALI NOBILITATI - INCLUSO DI KIT AMMORTIZZATORI",MIRROR NOB ,Variante,"PROMO: ARMADIO 2A SCORREVOLI L. 273,2 - H. 246 - P. 66,4 MB 1A CON FASCIA SPECCHIO ORIZZONTALE E UNA CON FASCIA SPECCHIO VERTICALESTRUTTURA E FRONTALI NOBILITATI - INCLUSO DI KIT  AMMORTIZZATORI ",,,SPARARREDA SRL,Sconto 10%,,1,1,1
"PROMO: ARMADIO 2A SCORREVOLI L. , - H. - P. , MB 1A CON FASCIA SPECCHIO ORIZZONTALE E UNA CON FASCIA SPECCHIO VERTICALETUTTO LACCATO +SPECCHI NB LA FASCIA VERTICALE PICCOLA DISPONIBILE SOLO NEI COLORI NOBILITATI, NON PUO' ESSERE REALIZZATA IN NESSUNO DEI COLORI LACCATI -INCLUSO DI KIT AMMORTIZZATORI",MIRROR LAC ,Variante,"PROMO: ARMADIO 2A SCORREVOLI L. 273,2 - H. 246 - P. 66,4 MB 1A CON FASCIA SPECCHIO ORIZZONTALE E UNA CON FASCIA SPECCHIO VERTICALETUTTO LACCATO +SPECCHI   NB LA FASCIA VERTICALE PICCOLA DISPONIBILE SOLO NEI COLORI NOBILITATI, NON PUO' ESSERE REALIZZATA IN NESSUNO DEI COLORI LACCATI -INCLUSO DI KIT  AMMORTIZZATORI ",,,SPARARREDA SRL,Sconto 10%,,1,1,1
"PROMO:ARMADIO 2A SCORR L272, P66. H246 STRUTTURA NOCE COGNAC / FRONTALI SPATOLATO CHIARO E SPECCHI BRONZO - COMPRESO DI KIT AMMORTIZZATORI",DEREK ARM EXPO2,Variante,"PROMO:ARMADIO 2A SCORR L272,6 P66.3 H246 STRUTTURA NOCE COGNAC / FRONTALI SPATOLATO CHIARO E SPECCHI BRONZO  - COMPRESO DI KIT AMMORTIZZATORI",,,SPARARREDA SRL,Sconto 10%,,1,1,1
"PROMO:ARMADIO 2A SCORR L272, P66. H246 COMPRESO DI KIT AMMORTIZZATORI",DEREK ARM CC,Variante,"PROMO:ARMADIO 2A SCORR L272,6 P66.3 H246 COMPRESO DI KIT AMMORTIZZATORI",,,SPARARREDA SRL,Sconto 10%,,1,1,1
"PROMO:ARMADIO 2A SCORR L272, P66. H246 TUTTO SPATOLATO CHIARO E SPECCHI FUME' - COMPRESO DI KIT AMMORTIZZATORI",DEREK ARM EXPO1,Variante,"PROMO:ARMADIO 2A SCORR L272,6 P66.3 H246 TUTTO SPATOLATO CHIARO E SPECCHI FUME' - COMPRESO DI KIT AMMORTIZZATORI",,,SPARARREDA SRL,Sconto 10%,,1,1,1
PROMO: ARMADIO 3A SCORR L272. P66. H246 / FIANCHI NOB CRETA / ANTE LATERALI SPATOLATO CRETA CON ANTA CENTRALE TV VETRO STOPSOL / PROFILI CHAMPAGNE - AMMORTIZZATORI INCLUSI,DORIS EXPO2,Variante,PROMO: ARMADIO  3A SCORR L272.6 P66.3 H246 / FIANCHI NOB CRETA / 2 ANTE LATERALI SPATOLATO CRETA CON ANTA CENTRALE TV VETRO STOPSOL NERO / PROFILI CHAMPAGNE - AMMORTIZZATORI INCLUSI ,,,SPARARREDA SRL,Sconto 10%,,1,1,1
"PROMO: ARMADIO TV 3A SCORR L272. P66. H246 TUTTO SPATOLATO CHIARO, C/ANTA CENTRALE TV VTR STOPSOL - COMPRESO DI KIT AMMORTIZZATORI",DORIS EXPO,Variante,"PROMO: ARMADIO TV 3A SCORR L272.6 P66.3 H246 TUTTO SPATOLATO CHIARO,  C/ANTA CENTRALE TV VTR STOPSOL NERO - COMPRESO DI KIT AMMORTIZZATORI",,,SPARARREDA SRL,Sconto 10%,,1,1,1
PROMO: ARMADIO TV 3A SCORR L272. P66. H246 C/ANTA CENTRALE TV VTR STOPSOL - COMPRESO DI KIT AMMORTIZZATORI- FINITURE MELAMINICO,DORIS AP,Variante,PROMO: ARMADIO TV 3A SCORR L272.6 P66.3 H246 C/ANTA CENTRALE TV VTR STOPSOL NERO -  COMPRESO DI KIT AMMORTIZZATORI- FINITURE MELAMINICO,,,SPARARREDA SRL,Sconto 10%,,1,1,1
"PROMO:ARMADIO 2ANTE SCORR L273 P66. H246 AMMORTIZZATO, STRUTTURA SPATOLATO CHIARO , FRONTALI SPATOLATO CHIARO, MANSP.CHIARO, VETRO SP BRONZO",TRAPEZIO EXPO2,Variante,"PROMO:ARMADIO 2ANTE SCORR L273 P66.3 H246 AMMORTIZZATO, STRUTTURA SPATOLATO CHIARO  , FRONTALI SPATOLATO CHIARO, MANSP.CHIARO,  VETRO SP  BRONZO",,,SPARARREDA SRL,Sconto 10%,,1,1,1
"PROMO: ARMADIO 2A SCORREVOLI L272, H246 P66, FIANCHI E FRONTALI LAVAGNA , SPECCHI FUME' . INCLUSO DI AMMORTIZZATORI",TRAPEZIO LAVAGNA ,Variante,"PROMO: ARMADIO 2A SCORREVOLI L272,6 H246 P66,3 FIANCHI E FRONTALI LAVAGNA , SPECCHI FUME' . INCLUSO DI AMMORTIZZATORI ",,,SPARARREDA SRL,Sconto 10%,,1,1,1
PROMO:MADIA CM P46 H137 NOCE COGNAC + SPATOLATO CHIARO,ZEBRA MAD EXPO,Variante,PROMO:MADIA CM 120 P46 H137 NOCE COGNAC + SPATOLATO CHIARO,,,SPARARREDA SRL,Sconto 10%,,1,1,1
PROMO:MADIA CM P46 H137,ZEBRA MAD CC,Variante,PROMO:MADIA CM 120 P46 H137,,,SPARARREDA SRL,Sconto 10%,,1,1,1
PROMO:CREDENZA CM P46 H77 STRUTTURA NOCE COGNAC+ 2CASS NOCE COGNAC E ANTE SPATOLATO SCURO,ZEBRA CRE EXPO,Variante,PROMO:CREDENZA CM 180 P46 H77 STRUTTURA NOCE COGNAC+ 2CASS NOCE COGNAC E ANTE SPATOLATO SCURO,,,SPARARREDA SRL,Sconto 10%,,1,1,1
PROMO:CREDENZA CM P46 H77,ZEBRA CRE CC,Variante,PROMO:CREDENZA CM 180 P46 H77,,,SPARARREDA SRL,Sconto 10%,,1,1,1
